relative_path,filename,extension,parent_dir,disk_size_bytes,real_size_bytes,is_lfs_pointer,lfs_oid,domain,sync_status,cat_status,driver
.gitattributes,.gitattributes,,IO-VNBD-master,126,126,False,,Other / Metadata,N/A,N/A,Unknown
README.md,README.md,.md,IO-VNBD-master,1926,1926,False,,Documentation (Readme),N/A,N/A,Unknown
README_1.pdf,README_1.pdf,.pdf,IO-VNBD-master,1069331,1069331,False,,Documentation (Paper),N/A,N/A,Unknown
Synchronised V abd S datasets.zip,Synchronised V abd S datasets.zip,.zip,IO-VNBD-master,134,203606286,True,624003b0bfb3d221114eb262dd02f21f7dba74fb25d8045b4b8ac684956d2855,Archive,Synchronised,N/A,Unknown
Unsynchronised V and S Dataset.zip,Unsynchronised V and S Dataset.zip,.zip,IO-VNBD-master,134,214330231,True,dc603920b5ba2cfdc31c23a8a39a1d95c64fe82466fd2ae8f47f0418ff0e1a5c,Archive,Synchronised,N/A,Unknown
Synchronised V abd S datasets/Categorised IOVNB Dataset/M (Driver B)/S-M.csv,S-M.csv,.csv,M (Driver B),133,19798721,True,26a1ee080da4db98e175e15d6fec631e6f8c285c13817d9d74ecc90ed280d103,Smartphone (S),Synchronised,Categorised,Driver B
Synchronised V abd S datasets/Categorised IOVNB Dataset/M (Driver B)/V-M.csv,V-M.csv,.csv,M (Driver B),133,22507823,True,ecf977cb798082d59ad1b03ce5631a61dbf525dfe484eb005ca630b5e95b86af,Vehicle (V),Synchronised,Categorised,Driver B
Synchronised V abd S datasets/Categorised IOVNB Dataset/M (Driver B)/V-M.JPG,V-M.JPG,.jpg,M (Driver B),131,132217,True,9654ce6484645ede198ab084f03365fd85b95ce1f85a04db2bf8dd7ce1d61631,Vehicle (V),Synchronised,Categorised,Driver B
Synchronised V abd S datasets/Categorised IOVNB Dataset/S (Driver A)/S1/S-S1.csv,S-S1.csv,.csv,S1,132,9631499,True,e79a2eea18143b825438f9a11c7d724a97c9e18329776defd4d9291d03d4aaca,Smartphone (S),Synchronised,Categorised,Driver A
Synchronised V abd S datasets/Categorised IOVNB Dataset/S (Driver A)/S1/V-S1.csv,V-S1.csv,.csv,S1,133,10967129,True,29e92ed9bcb2d711e651246675c435b3f9499c040cfcad367624e8720c0dc891,Vehicle (V),Synchronised,Categorised,Driver A
Synchronised V abd S datasets/Categorised IOVNB Dataset/S (Driver A)/S1/V-S1.JPG,V-S1.JPG,.jpg,S1,131,207995,True,e7bd2cd20ff124848edb10967bb46c5a00735c394ccf9710eeb29a78130bc9d4,Vehicle (V),Synchronised,Categorised,Driver A
Synchronised V abd S datasets/Categorised IOVNB Dataset/S (Driver A)/S2/S-S2.csv,S-S2.csv,.csv,S2,133,17469302,True,8f48d68ef4ab225c8381af6fb8ec0f36fe6f6048977eeebecc74cfec50d13cb8,Smartphone (S),Synchronised,Categorised,Driver A
Synchronised V abd S datasets/Categorised IOVNB Dataset/S (Driver A)/S2/V-S2.csv,V-S2.csv,.csv,S2,133,20091681,True,0514c4dd38fe24dd7e196ee206b880f4ccd984a255b80e6de984839bce40952c,Vehicle (V),Synchronised,Categorised,Driver A
Synchronised V abd S datasets/Categorised IOVNB Dataset/S (Driver A)/S2/V-S2.JPG,V-S2.JPG,.jpg,S2,131,133093,True,a5bd0303dd401c58bdf8d0f737a059ebba8cfea4bdd34972e91ea29df1615a82,Vehicle (V),Synchronised,Categorised,Driver A
Synchronised V abd S datasets/Categorised IOVNB Dataset/S (Driver A)/S3a/S-S3a.csv,S-S3a.csv,.csv,S3a,132,4580130,True,b9e45dc8d856271f0a69030b7dd98f32c6b6b88b627138d67e8d3a1b7c5329fe,Smartphone (S),Synchronised,Categorised,Driver A
Synchronised V abd S datasets/Categorised IOVNB Dataset/S (Driver A)/S3a/V-S3a.csv,V-S3a.csv,.csv,S3a,132,5286764,True,1cac1c8045c4f85423f01425881dd7e6814ae167100590c988a5ef141eb9e73f,Vehicle (V),Synchronised,Categorised,Driver A
Synchronised V abd S datasets/Categorised IOVNB Dataset/S (Driver A)/S3a/V-S3a.JPG,V-S3a.JPG,.jpg,S3a,131,169114,True,25b92cbc0a2f716ac2795f9243c262e13ccdd739ee1fde34219c8f8c4a26550c,Vehicle (V),Synchronised,Categorised,Driver A
Synchronised V abd S datasets/Categorised IOVNB Dataset/S (Driver A)/S3b/S-S3b.csv,S-S3b.csv,.csv,S3b,132,1253565,True,19447009a96bd80bb896f3a728283ae2990d94b4cf1ed37f69866ed78ca36901,Smartphone (S),Synchronised,Categorised,Driver A
Synchronised V abd S datasets/Categorised IOVNB Dataset/S (Driver A)/S3b/V-S3b.csv,V-S3b.csv,.csv,S3b,132,1464196,True,d44d29d46b7c46c574cdc90d5633cc90ac1b9cee57fb7f6b90d865aecc14ff64,Vehicle (V),Synchronised,Categorised,Driver A
Synchronised V abd S datasets/Categorised IOVNB Dataset/S (Driver A)/S3b/V-S3b.JPG,V-S3b.JPG,.jpg,S3b,131,132557,True,45cc5c1211c04ed19fa2a22003acdbe7d6fc93869282ca3e64e443434830d941,Vehicle (V),Synchronised,Categorised,Driver A
Synchronised V abd S datasets/Categorised IOVNB Dataset/S (Driver A)/S3c/S-S3c.csv,S-S3c.csv,.csv,S3c,132,6881631,True,b87fa6978d7d50087ca63bfee5230692013485aaccef5474dbc847a9c1498739,Smartphone (S),Synchronised,Categorised,Driver A
Synchronised V abd S datasets/Categorised IOVNB Dataset/S (Driver A)/S3c/V-S3c.csv,V-S3c.csv,.csv,S3c,132,7976092,True,d7a98f02899d331265eb0b892e44d343892ad6ec9dcb1e90ce6c6f80b264c0f3,Vehicle (V),Synchronised,Categorised,Driver A
Synchronised V abd S datasets/Categorised IOVNB Dataset/S (Driver A)/S3c/V-S3c.JPG,V-S3c.JPG,.jpg,S3c,131,141869,True,f9b05435d290234363898d329b506da88a8dd112f970a7843e97dced8aa70627,Vehicle (V),Synchronised,Categorised,Driver A
Synchronised V abd S datasets/Categorised IOVNB Dataset/S (Driver A)/S4/S-S4.csv,S-S4.csv,.csv,S4,133,17574514,True,a2bb1e1eb28d111f84963240c54b790f32366f6c5b09dff1713770b52d3f5616,Smartphone (S),Synchronised,Categorised,Driver A
Synchronised V abd S datasets/Categorised IOVNB Dataset/S (Driver A)/S4/V-S4.csv,V-S4.csv,.csv,S4,133,20164189,True,8a83103ce0f0b03ffc5adc772193c6738d1df3ac8f0fb4bab055597ac5bcd2c2,Vehicle (V),Synchronised,Categorised,Driver A
Synchronised V abd S datasets/Categorised IOVNB Dataset/S (Driver A)/S4/V-S4.JPG,V-S4.JPG,.jpg,S4,131,123854,True,d1670bd20bf0386131436cb4ffd3d24912653ccf68034136a561a77ab8bfa90d,Vehicle (V),Synchronised,Categorised,Driver A
Synchronised V abd S datasets/Categorised IOVNB Dataset/Vf (Driver E)/V-Vfa01/S-Vfa01.csv,S-Vfa01.csv,.csv,V-Vfa01,132,2134667,True,7f46f770cd49c85185446420bc10db9e7a9ffe4aa190e3b1cc1111220eab04b2,Smartphone (S),Synchronised,Categorised,Driver E
Synchronised V abd S datasets/Categorised IOVNB Dataset/Vf (Driver E)/V-Vfa01/V-Vfa01.csv,V-Vfa01.csv,.csv,V-Vfa01,132,2398099,True,81ad22765340419e1ea88e69e2a92dc38c260f244c5aeb951c88fb668908ad37,Vehicle (V),Synchronised,Categorised,Driver E
Synchronised V abd S datasets/Categorised IOVNB Dataset/Vf (Driver E)/V-Vfa01/V-Vfa01.JPG,V-Vfa01.JPG,.jpg,V-Vfa01,131,103673,True,d97bcb10faded835be53a11f5d39012ecf1f2060c56cc0f145a262a01ea5a090,Vehicle (V),Synchronised,Categorised,Driver E
Synchronised V abd S datasets/Categorised IOVNB Dataset/Vf (Driver E)/V-Vfa02/S-Vfa02.csv,S-Vfa02.csv,.csv,V-Vfa02,133,12603657,True,ec666af90866254a55578f4e9371860b64602cad0694b02defcc56eec5d85a44,Smartphone (S),Synchronised,Categorised,Driver E
Synchronised V abd S datasets/Categorised IOVNB Dataset/Vf (Driver E)/V-Vfa02/V-Vfa02.csv,V-Vfa02.csv,.csv,V-Vfa02,133,13955001,True,bce837348c306ba343b36f2d44878f0ac1e68ada3c2852bba50056749f40ca7d,Vehicle (V),Synchronised,Categorised,Driver E
Synchronised V abd S datasets/Categorised IOVNB Dataset/Vf (Driver E)/V-Vfa02/V-Vfa02.JPG,V-Vfa02.JPG,.jpg,V-Vfa02,131,103932,True,26b178fa586994c93be8f47e22df2babd44145748c5a06ecc318077857827c48,Vehicle (V),Synchronised,Categorised,Driver E
Synchronised V abd S datasets/Categorised IOVNB Dataset/Vta (Driver E)/Vta01a/S-Vta1a.csv,S-Vta1a.csv,.csv,Vta01a,132,4766740,True,19b9d26888e58c71e28ca6de34dd423e9a779a29b1cf0976d3b2f4f7dac56601,Smartphone (S),Synchronised,Categorised,Driver E
Synchronised V abd S datasets/Categorised IOVNB Dataset/Vta (Driver E)/Vta01a/V-Vta1a.csv,V-Vta1a.csv,.csv,Vta01a,132,5444513,True,9522a6f43094ef5de4cfad4bb48a7805c8f470eee3b481564f5cacef28e2afec,Vehicle (V),Synchronised,Categorised,Driver E
Synchronised V abd S datasets/Categorised IOVNB Dataset/Vta (Driver E)/Vta01a/V-Vta1a.JPG,V-Vta1a.JPG,.jpg,Vta01a,131,125542,True,096c330e52ae1d4cbcf7ff9924fc6e1dbf387cccf70bafd50cdac91f81cc7f29,Vehicle (V),Synchronised,Categorised,Driver E
Synchronised V abd S datasets/Categorised IOVNB Dataset/Vta (Driver E)/Vta01b/S-Vta1b.csv,S-Vta1b.csv,.csv,Vta01b,131,178260,True,aca49109fc93729d942d13e2008699ac4471fcffae38396127fffaecbe42d5d7,Smartphone (S),Synchronised,Categorised,Driver E
Synchronised V abd S datasets/Categorised IOVNB Dataset/Vta (Driver E)/Vta01b/V-Vta1b.csv,V-Vta1b.csv,.csv,Vta01b,131,205277,True,35b4e74bd1597d9f82895c3451dbe71a2d4084a3718cbdf8ea7fbb04f206db94,Vehicle (V),Synchronised,Categorised,Driver E
Synchronised V abd S datasets/Categorised IOVNB Dataset/Vta (Driver E)/Vta01b/V-Vta1b.JPG,V-Vta1b.JPG,.jpg,Vta01b,130,53683,True,23315ba28cc19a5d0e3b2b966f4a4939f34a9a8828548810ab9d9b703c8909b1,Vehicle (V),Synchronised,Categorised,Driver E
Synchronised V abd S datasets/Categorised IOVNB Dataset/Vta (Driver E)/Vta02/S-Vta2.csv,S-Vta2.csv,.csv,Vta02,132,2038713,True,97ef388d6e5cc3ce17ae3d56d69c77052e5d51a6234176eb95a5e4de6cec7fe5,Smartphone (S),Synchronised,Categorised,Driver E
Synchronised V abd S datasets/Categorised IOVNB Dataset/Vta (Driver E)/Vta02/V-vta2.csv,V-vta2.csv,.csv,Vta02,132,2307461,True,e7d255100464c70212aa0129e558b7a48d59d606041c8ce2e160e881f9b151e2,Vehicle (V),Synchronised,Categorised,Driver E
Synchronised V abd S datasets/Categorised IOVNB Dataset/Vta (Driver E)/Vta02/V-Vta2.JPG,V-Vta2.JPG,.jpg,Vta02,131,137726,True,c6c4cb24b408edacc3208236e00022d17b6c8d0d772f176cdb9765fdbd066ac6,Vehicle (V),Synchronised,Categorised,Driver E
Synchronised V abd S datasets/Categorised IOVNB Dataset/Vta (Driver E)/Vta03/S-Vta3.csv,S-Vta3.csv,.csv,Vta03,131,116809,True,7c5479fc893131a8c4d75daf73c3b5ae25512a1e194a6ced50fa24633de0f215,Smartphone (S),Synchronised,Categorised,Driver E
Synchronised V abd S datasets/Categorised IOVNB Dataset/Vta (Driver E)/Vta03/V-vta3.csv,V-vta3.csv,.csv,Vta03,131,137891,True,ef8bf81fdf5df786006e5805dbe09c29c71447cd274991bf47371c28c0f3c19f,Vehicle (V),Synchronised,Categorised,Driver E
Synchronised V abd S datasets/Categorised IOVNB Dataset/Vta (Driver E)/Vta03/V-Vta3.JPG,V-Vta3.JPG,.jpg,Vta03,131,138187,True,3aa41aea8ad3d45e6701c655fbd6701d9de0425cd6cf3350a375394b8d20aa63,Vehicle (V),Synchronised,Categorised,Driver E
Synchronised V abd S datasets/Categorised IOVNB Dataset/Vta (Driver E)/Vta04/S-Vta4.csv,S-Vta4.csv,.csv,Vta04,131,331302,True,0d16cd6deaddf30a98461a546ce47621f4b57fa3fd902623765bad1dd83c0887,Smartphone (S),Synchronised,Categorised,Driver E
Synchronised V abd S datasets/Categorised IOVNB Dataset/Vta (Driver E)/Vta04/V-vta4.csv,V-vta4.csv,.csv,Vta04,131,380874,True,71acb4e5c50919df05f1f56a0192d392793e9b10e66bbf6a101b6314ee398c33,Vehicle (V),Synchronised,Categorised,Driver E
Synchronised V abd S datasets/Categorised IOVNB Dataset/Vta (Driver E)/Vta04/V-Vta4.JPG,V-Vta4.JPG,.jpg,Vta04,131,124092,True,437c89b6ff156c8eabcad4d4fbafa4ef500b5d800a4561ddd8d50dee19608ef2,Vehicle (V),Synchronised,Categorised,Driver E
Synchronised V abd S datasets/Categorised IOVNB Dataset/Vta (Driver E)/Vta05/S-Vta5.csv,S-Vta5.csv,.csv,Vta05,130,57485,True,b9030167541be560621a7aa9ef6a89710cb666ec47ad204f65cb1d96f7606fa0,Smartphone (S),Synchronised,Categorised,Driver E
Synchronised V abd S datasets/Categorised IOVNB Dataset/Vta (Driver E)/Vta05/V-vta5.csv,V-vta5.csv,.csv,Vta05,130,66401,True,6819d97f1291b377496982e51f5ba2178a083edaf8664b9258ead5e1151d33a2,Vehicle (V),Synchronised,Categorised,Driver E
Synchronised V abd S datasets/Categorised IOVNB Dataset/Vta (Driver E)/Vta05/V-Vta5.JPG,V-Vta5.JPG,.jpg,Vta05,131,115310,True,5b35b59bb522160f2ddde1c689dd2bf18998103e5a8127bb044f5b0e002bedf9,Vehicle (V),Synchronised,Categorised,Driver E
Synchronised V abd S datasets/Categorised IOVNB Dataset/Vta (Driver E)/Vta06/S-Vta6.csv,S-Vta6.csv,.csv,Vta06,131,254665,True,15ad54e093b7ff783a88db02952fe634ba5b640173c93462d28152f71dcfa8a5,Smartphone (S),Synchronised,Categorised,Driver E
Synchronised V abd S datasets/Categorised IOVNB Dataset/Vta (Driver E)/Vta06/V-Vta4.JPG,V-Vta4.JPG,.jpg,Vta06,131,124092,True,437c89b6ff156c8eabcad4d4fbafa4ef500b5d800a4561ddd8d50dee19608ef2,Vehicle (V),Synchronised,Categorised,Driver E
Synchronised V abd S datasets/Categorised IOVNB Dataset/Vta (Driver E)/Vta06/V-vta6.csv,V-vta6.csv,.csv,Vta06,131,289249,True,728629ca2a30457e7909e79c6a50040a1337274b7ada2003b2863e62a40c547a,Vehicle (V),Synchronised,Categorised,Driver E
Synchronised V abd S datasets/Categorised IOVNB Dataset/Vta (Driver E)/Vta07/S-Vta7.csv,S-Vta7.csv,.csv,Vta07,131,155360,True,eb6e66dbb3397aea7af0c93fe212e9ca0fc8310341083ce64652fe7842248acf,Smartphone (S),Synchronised,Categorised,Driver E
Synchronised V abd S datasets/Categorised IOVNB Dataset/Vta (Driver E)/Vta07/V-vta7.csv,V-vta7.csv,.csv,Vta07,131,179784,True,031765759d3336fa67fd8c6b98fdfb3a5786d284a5626734375ec61fe8f63e4d,Vehicle (V),Synchronised,Categorised,Driver E
Synchronised V abd S datasets/Categorised IOVNB Dataset/Vta (Driver E)/Vta07/V-Vta7.JPG,V-Vta7.JPG,.jpg,Vta07,130,90532,True,5a22e8cf62a40d9c154cda83a0ee4037a4f20b882a42add6221f61827b3296c2,Vehicle (V),Synchronised,Categorised,Driver E
Synchronised V abd S datasets/Categorised IOVNB Dataset/Vta (Driver E)/Vta08/S-Vta8.csv,S-Vta8.csv,.csv,Vta08,131,678900,True,cc1b57b0b539f1e756662c49ff4c4925d66e44396ad283e4d5fa472024675dec,Smartphone (S),Synchronised,Categorised,Driver E
Synchronised V abd S datasets/Categorised IOVNB Dataset/Vta (Driver E)/Vta08/V-vta8.csv,V-vta8.csv,.csv,Vta08,131,753939,True,93cef7816fb58c250c87bfa3dc02bce8a3a3c211ba08ee72b4a9d4dddf00d481,Vehicle (V),Synchronised,Categorised,Driver E
Synchronised V abd S datasets/Categorised IOVNB Dataset/Vta (Driver E)/Vta08/V-Vta8.JPG,V-Vta8.JPG,.jpg,Vta08,130,93238,True,95c7305c441feb1a284b38800fc893192755ea355dc001efd1f45cdb07ebcc7e,Vehicle (V),Synchronised,Categorised,Driver E
Synchronised V abd S datasets/Categorised IOVNB Dataset/Vta (Driver E)/Vta09/S-Vta9.csv,S-Vta9.csv,.csv,Vta09,130,29554,True,150b73335a4283e2aba5aa8c5320d32271bf20546005e7f5f60918d8381f5475,Smartphone (S),Synchronised,Categorised,Driver E
Synchronised V abd S datasets/Categorised IOVNB Dataset/Vta (Driver E)/Vta09/V-vta9.csv,V-vta9.csv,.csv,Vta09,130,33110,True,4f662af06a2ab067efc4741a2b39f478f59e802f763b7bce5d376f420d9de63b,Vehicle (V),Synchronised,Categorised,Driver E
Synchronised V abd S datasets/Categorised IOVNB Dataset/Vta (Driver E)/Vta09/V-Vta9.JPG,V-Vta9.JPG,.jpg,Vta09,131,128689,True,62c3db1f589f2227b587f691ef082f3bd2e72e1e5218112aedd78afd993f45cf,Vehicle (V),Synchronised,Categorised,Driver E
Synchronised V abd S datasets/Categorised IOVNB Dataset/Vta (Driver E)/Vta10/S-Vta10.csv,S-Vta10.csv,.csv,Vta10,131,279232,True,212ba000dbad28b3375cb0e6a3b205a0415be2f3248ecff35e0c3db0089cf0a7,Smartphone (S),Synchronised,Categorised,Driver E
Synchronised V abd S datasets/Categorised IOVNB Dataset/Vta (Driver E)/Vta10/V-vta10.csv,V-vta10.csv,.csv,Vta10,131,317921,True,6f9911ce3037bf56e8c56b52dd5a87aa70088fe645daed359a5e69578a319834,Vehicle (V),Synchronised,Categorised,Driver E
Synchronised V abd S datasets/Categorised IOVNB Dataset/Vta (Driver E)/Vta10/V-Vta10.JPG,V-Vta10.JPG,.jpg,Vta10,131,103718,True,13a6e76ab4635f683c6ae673f0a7b0586ffa4671c18b039adb3eec5700df762b,Vehicle (V),Synchronised,Categorised,Driver E
Synchronised V abd S datasets/Categorised IOVNB Dataset/Vta (Driver E)/Vta11/S-Vta11.csv,S-Vta11.csv,.csv,Vta11,130,95272,True,af147288035d510dc6b315959b7b36dc63d5b327d57c8a9578bc573c18734128,Smartphone (S),Synchronised,Categorised,Driver E
Synchronised V abd S datasets/Categorised IOVNB Dataset/Vta (Driver E)/Vta11/V-vta11.csv,V-vta11.csv,.csv,Vta11,131,111690,True,e9d6bf8959e32ea8ab098741a11de015d64d00c1a326c3c175916d5b678a7083,Vehicle (V),Synchronised,Categorised,Driver E
Synchronised V abd S datasets/Categorised IOVNB Dataset/Vta (Driver E)/Vta11/V-Vta11.JPG,V-Vta11.JPG,.jpg,Vta11,130,50368,True,e07c138c1ed94fa630ee7af4004809db1f46864e46f4de0549f4ecb81944e8b6,Vehicle (V),Synchronised,Categorised,Driver E
Synchronised V abd S datasets/Categorised IOVNB Dataset/Vta (Driver E)/Vta12/S-Vta12.csv,S-Vta12.csv,.csv,Vta12,131,114418,True,9dc5cfe05e00e91feb1f6bf45e19e2c152567776bc6507bfaf037ffa63cd8662,Smartphone (S),Synchronised,Categorised,Driver E
Synchronised V abd S datasets/Categorised IOVNB Dataset/Vta (Driver E)/Vta12/V-vta12.csv,V-vta12.csv,.csv,Vta12,131,128904,True,21c4f30690769a052de0f97125d4c0e455e7fc527bd8d3e98e34e8bfb2bee81b,Vehicle (V),Synchronised,Categorised,Driver E
Synchronised V abd S datasets/Categorised IOVNB Dataset/Vta (Driver E)/Vta12/V-Vta12.JPG,V-Vta12.JPG,.jpg,Vta12,130,54434,True,6ae5a7635f3a9e7ed5ed2a97c0413759a05e0be16da6dd050a90d9d5dfe8f9e9,Vehicle (V),Synchronised,Categorised,Driver E
Synchronised V abd S datasets/Categorised IOVNB Dataset/Vta (Driver E)/Vta13/S-Vta13.csv,S-Vta13.csv,.csv,Vta13,130,76217,True,b4a8f30e4fa8c1399c9c4d58a8220305d233e99789f2997e47be9dbb2dfa1eb0,Smartphone (S),Synchronised,Categorised,Driver E
Synchronised V abd S datasets/Categorised IOVNB Dataset/Vta (Driver E)/Vta13/V-vta13.csv,V-vta13.csv,.csv,Vta13,130,86963,True,398df644de6920ef827742a99166cf05c5728f4dddf1379b993123c62419677b,Vehicle (V),Synchronised,Categorised,Driver E
Synchronised V abd S datasets/Categorised IOVNB Dataset/Vta (Driver E)/Vta13/V-Vta13.JPG,V-Vta13.JPG,.jpg,Vta13,130,70548,True,e8c9014bc18037787a6d0b0582e88ed57c1293bdabf962b56d31810a6079e63d,Vehicle (V),Synchronised,Categorised,Driver E
Synchronised V abd S datasets/Categorised IOVNB Dataset/Vta (Driver E)/Vta14/S-Vta14.csv,S-Vta14.csv,.csv,Vta14,131,540523,True,49535f49178bb6c542a62fe57747adc19164fbf3a4a7b0afee19d5cc2bee6894,Smartphone (S),Synchronised,Categorised,Driver E
Synchronised V abd S datasets/Categorised IOVNB Dataset/Vta (Driver E)/Vta14/V-vta14.csv,V-vta14.csv,.csv,Vta14,131,612352,True,ddd26e084b97fe661ae6e783efbdbc5f45add9e5288cf7800370577ff2bc2b08,Vehicle (V),Synchronised,Categorised,Driver E
Synchronised V abd S datasets/Categorised IOVNB Dataset/Vta (Driver E)/Vta14/V-Vta14.JPG,V-Vta14.JPG,.jpg,Vta14,130,59948,True,4cadfe1c08729dbbbbef9fb06c0658820cb3fbe141b033d26ede8fcc131e4b9b,Vehicle (V),Synchronised,Categorised,Driver E
Synchronised V abd S datasets/Categorised IOVNB Dataset/Vta (Driver E)/Vta15/S-Vta15.csv,S-Vta15.csv,.csv,Vta15,131,156907,True,9404fbd7420b32f5ca6f369e8a1377bbf854b5b6e3ee38a137c67bf73db5d7f7,Smartphone (S),Synchronised,Categorised,Driver E
Synchronised V abd S datasets/Categorised IOVNB Dataset/Vta (Driver E)/Vta15/V-vta15.csv,V-vta15.csv,.csv,Vta15,131,175132,True,313565b6b7a44f7e80939527063b87519c0f5bc1937fa84683585e4287076100,Vehicle (V),Synchronised,Categorised,Driver E
Synchronised V abd S datasets/Categorised IOVNB Dataset/Vta (Driver E)/Vta15/V-Vta15.JPG,V-Vta15.JPG,.jpg,Vta15,130,64657,True,1d9b60eafa098a1ddf4c318a7b6c4c7aca7a6a95f57e3886b1de68be7b8e78ce,Vehicle (V),Synchronised,Categorised,Driver E
Synchronised V abd S datasets/Categorised IOVNB Dataset/Vta (Driver E)/Vta16/S-Vta16.csv,S-Vta16.csv,.csv,Vta16,132,2111083,True,efef0aa0fae9e4cc0a40a85335a013fccb96797175819d46d97dfb13a854ce02,Smartphone (S),Synchronised,Categorised,Driver E
Synchronised V abd S datasets/Categorised IOVNB Dataset/Vta (Driver E)/Vta16/V-vta16.csv,V-vta16.csv,.csv,Vta16,132,2410634,True,07cc3f87b51c3e68cdf517cb296e68bf0d17f49230baa724bbe96736af2c9da3,Vehicle (V),Synchronised,Categorised,Driver E
Synchronised V abd S datasets/Categorised IOVNB Dataset/Vta (Driver E)/Vta16/V-Vta16.JPG,V-Vta16.JPG,.jpg,Vta16,130,73109,True,8e8e104ec89e3314749b3446cbfc6f78be739f9332dd8a39c9ab47944dba797d,Vehicle (V),Synchronised,Categorised,Driver E
Synchronised V abd S datasets/Categorised IOVNB Dataset/Vta (Driver E)/Vta17/S-Vta17.csv,S-Vta17.csv,.csv,Vta17,131,839635,True,d918e507f6cf2b0c38004a61e90211e0c43c0a69fe268b468bb0471d80b439ab,Smartphone (S),Synchronised,Categorised,Driver E
Synchronised V abd S datasets/Categorised IOVNB Dataset/Vta (Driver E)/Vta17/V-vta17.csv,V-vta17.csv,.csv,Vta17,131,972437,True,21dbfe17ff301ac645e0a2be39fd45d9da758d087ccf9e95875b90225a193781,Vehicle (V),Synchronised,Categorised,Driver E
Synchronised V abd S datasets/Categorised IOVNB Dataset/Vta (Driver E)/Vta17/V-Vta17.JPG,V-Vta17.JPG,.jpg,Vta17,131,118853,True,0e1a1c9e7237f6599bef542ffe9b48d837c1d9e5e8e78f6855447fa188804a85,Vehicle (V),Synchronised,Categorised,Driver E
Synchronised V abd S datasets/Categorised IOVNB Dataset/Vta (Driver E)/Vta19/S-Vta19.csv,S-Vta19.csv,.csv,Vta19,130,54578,True,695cf51819c0f0f8b7894df11af667ab2e819bfff991330ceb8d4a3492a22428,Smartphone (S),Synchronised,Categorised,Driver E
Synchronised V abd S datasets/Categorised IOVNB Dataset/Vta (Driver E)/Vta19/V-vta19.csv,V-vta19.csv,.csv,Vta19,130,61675,True,e5e7fb443b7a92a20ca13cae51d51a73330edda63786f1f7fb37b27aa45d80bc,Vehicle (V),Synchronised,Categorised,Driver E
Synchronised V abd S datasets/Categorised IOVNB Dataset/Vta (Driver E)/Vta19/V-Vta19.JPG,V-Vta19.JPG,.jpg,Vta19,131,117786,True,24c0b7f979c52c3ca926a195f9c03d34158e51c326a4a691ca623a76b9a74814,Vehicle (V),Synchronised,Categorised,Driver E
Synchronised V abd S datasets/Categorised IOVNB Dataset/Vta (Driver E)/Vta20/S-Vta20.csv,S-Vta20.csv,.csv,Vta20,131,582891,True,82c7e730c3aefbc0bbdc6fc9b9d3d6c20071e392bbdf34b78736f54e99632260,Smartphone (S),Synchronised,Categorised,Driver E
Synchronised V abd S datasets/Categorised IOVNB Dataset/Vta (Driver E)/Vta20/V-vta20.csv,V-vta20.csv,.csv,Vta20,131,596090,True,a5e1f1e6afba77c64cc0a16f389d859f75ea22196cdfca82a523e148c0eafd93,Vehicle (V),Synchronised,Categorised,Driver E
Synchronised V abd S datasets/Categorised IOVNB Dataset/Vta (Driver E)/Vta20/V-Vta20.JPG,V-Vta20.JPG,.jpg,Vta20,130,71863,True,c45fe9185bba58fcfc51281f5d6bfd5c172125fa1ac0675e9ce274f623078700,Vehicle (V),Synchronised,Categorised,Driver E
Synchronised V abd S datasets/Categorised IOVNB Dataset/Vta (Driver E)/Vta21/S-Vta21.csv,S-Vta21.csv,.csv,Vta21,131,388495,True,f22951b5bc4fed96a34f9affcb7c1c7118a4461ba8f3c22d910398a5f44d248c,Smartphone (S),Synchronised,Categorised,Driver E
Synchronised V abd S datasets/Categorised IOVNB Dataset/Vta (Driver E)/Vta21/V-vta21.csv,V-vta21.csv,.csv,Vta21,131,450180,True,82687cefc4799459174ad6f7411fdea28250146d29144ed210c4188aad0999f4,Vehicle (V),Synchronised,Categorised,Driver E
Synchronised V abd S datasets/Categorised IOVNB Dataset/Vta (Driver E)/Vta21/V-Vta21.JPG,V-Vta21.JPG,.jpg,Vta21,130,83580,True,4711e6ddcfc8372b9b7ddfdbd98c97377585425d36e4a7c428a2beb68a73f966,Vehicle (V),Synchronised,Categorised,Driver E
Synchronised V abd S datasets/Categorised IOVNB Dataset/Vta (Driver E)/Vta22/S-Vta22.csv,S-Vta22.csv,.csv,Vta22,131,290331,True,9291970633a370e9f89e966b1790193f80ccce7b4c32a162ac2eed0a1a2b4a82,Smartphone (S),Synchronised,Categorised,Driver E
Synchronised V abd S datasets/Categorised IOVNB Dataset/Vta (Driver E)/Vta22/V-vta22.csv,V-vta22.csv,.csv,Vta22,131,338739,True,ddd4bb7ffd3aaf080e55c61c4ea5f92388b255fb65405188fa0932cc0dcfcf5c,Vehicle (V),Synchronised,Categorised,Driver E
Synchronised V abd S datasets/Categorised IOVNB Dataset/Vta (Driver E)/Vta22/V-Vta22.JPG,V-Vta22.JPG,.jpg,Vta22,130,90650,True,d7a6670a30e61fd5e5fa6a40b7868b5511a512234e5d68e33723ff6862a56c58,Vehicle (V),Synchronised,Categorised,Driver E
Synchronised V abd S datasets/Categorised IOVNB Dataset/Vta (Driver E)/Vta23/S-Vta23.csv,S-Vta23.csv,.csv,Vta23,131,206507,True,c5f9f4161bd33ec880d4cabab48189a02db647f86315860dd21bb48f5764cd75,Smartphone (S),Synchronised,Categorised,Driver E
Synchronised V abd S datasets/Categorised IOVNB Dataset/Vta (Driver E)/Vta23/V-vta23.csv,V-vta23.csv,.csv,Vta23,131,242444,True,8b3508e408d88064cea06fe861879d79c92e368abf43706b87b7cce9ace42d8d,Vehicle (V),Synchronised,Categorised,Driver E
Synchronised V abd S datasets/Categorised IOVNB Dataset/Vta (Driver E)/Vta23/V-Vta23.JPG,V-Vta23.JPG,.jpg,Vta23,130,79982,True,3ab900927ad6a8561229d8925db0db73af872ef8e9ec17448310fd78ca424906,Vehicle (V),Synchronised,Categorised,Driver E
Synchronised V abd S datasets/Categorised IOVNB Dataset/Vta (Driver E)/Vta24/S-Vta24.csv,S-Vta24.csv,.csv,Vta24,131,217212,True,ae6059b51b52fd216c38f4f9f26893207fec80e5a9c75991a51c709b1766f8ce,Smartphone (S),Synchronised,Categorised,Driver E
Synchronised V abd S datasets/Categorised IOVNB Dataset/Vta (Driver E)/Vta24/V-vta24.csv,V-vta24.csv,.csv,Vta24,131,250448,True,db3726bc5e11c73f1623ff74da229726d014e04a4dbf5ded403906f23ed8f3e5,Vehicle (V),Synchronised,Categorised,Driver E
Synchronised V abd S datasets/Categorised IOVNB Dataset/Vta (Driver E)/Vta24/V-Vta24.JPG,V-Vta24.JPG,.jpg,Vta24,131,105035,True,3d988186c78ca062f103c10aadf90442791736531d2fbe65b82938eba0fdf277,Vehicle (V),Synchronised,Categorised,Driver E
Synchronised V abd S datasets/Categorised IOVNB Dataset/Vta (Driver E)/Vta25/S-Vta25.csv,S-Vta25.csv,.csv,Vta25,131,118562,True,9ff0c54126af8ccb8bd2707f2cb01505b87d823b74898a55999c312ae3ac69a1,Smartphone (S),Synchronised,Categorised,Driver E
Synchronised V abd S datasets/Categorised IOVNB Dataset/Vta (Driver E)/Vta25/V-vta25.csv,V-vta25.csv,.csv,Vta25,131,135915,True,4241b50add001a19bab00fa0e165b88fd2280f74fcbae46539c6f8bcc893f79a,Vehicle (V),Synchronised,Categorised,Driver E
Synchronised V abd S datasets/Categorised IOVNB Dataset/Vta (Driver E)/Vta25/V-Vta25.JPG,V-Vta25.JPG,.jpg,Vta25,130,68783,True,d9f6619c6d37038d789814c7d21960683e33dd9395c1f77edb208341a4ad4f65,Vehicle (V),Synchronised,Categorised,Driver E
Synchronised V abd S datasets/Categorised IOVNB Dataset/Vta (Driver E)/Vta26/S-Vta26.csv,S-Vta26.csv,.csv,Vta26,131,358553,True,d2d0de4a8ff2793825af978523c888e3579c788c98db13542b19f429288bf4d9,Smartphone (S),Synchronised,Categorised,Driver E
Synchronised V abd S datasets/Categorised IOVNB Dataset/Vta (Driver E)/Vta26/V-vta26.csv,V-vta26.csv,.csv,Vta26,131,401896,True,e1067b6fd8561c4fd7b851f387c6a43df2c6fcd088f0552a321db210a4d05e09,Vehicle (V),Synchronised,Categorised,Driver E
Synchronised V abd S datasets/Categorised IOVNB Dataset/Vta (Driver E)/Vta26/V-Vta26.JPG,V-Vta26.JPG,.jpg,Vta26,130,43055,True,8ffe1009f9f97c5097b2492fc154fb775aea6395273319a44f8f06a8ab3e5de9,Vehicle (V),Synchronised,Categorised,Driver E
Synchronised V abd S datasets/Categorised IOVNB Dataset/Vta (Driver E)/Vta27/S-Vta27.csv,S-Vta27.csv,.csv,Vta27,131,471023,True,9607f8bbfcb7e92021b113e0971be3f8fec50267d9a4abae875d1062ab10d6d6,Smartphone (S),Synchronised,Categorised,Driver E
Synchronised V abd S datasets/Categorised IOVNB Dataset/Vta (Driver E)/Vta27/V-vta27.csv,V-vta27.csv,.csv,Vta27,131,550395,True,766e63d6975426dcee66bb9b100daf6291240da1d65b4b1db851d4fd40e334c7,Vehicle (V),Synchronised,Categorised,Driver E
Synchronised V abd S datasets/Categorised IOVNB Dataset/Vta (Driver E)/Vta27/V-Vta27.JPG,V-Vta27.JPG,.jpg,Vta27,130,54531,True,86badb6e20754afece2930ed0e3ff0e5d0d1fc21450ab064ce14e8f8163fb18f,Vehicle (V),Synchronised,Categorised,Driver E
Synchronised V abd S datasets/Categorised IOVNB Dataset/Vta (Driver E)/Vta28/S-Vta28.csv,S-Vta28.csv,.csv,Vta28,131,781902,True,30bece8d988e898902ad4e77d090ea33c80486222293104f78d42bd8611e03fa,Smartphone (S),Synchronised,Categorised,Driver E
Synchronised V abd S datasets/Categorised IOVNB Dataset/Vta (Driver E)/Vta28/V-vta28.csv,V-vta28.csv,.csv,Vta28,131,901238,True,4778fd71aeb0165a77de1f0abb3a3ecad5b756993e5ec64a24fc025b02c315d2,Vehicle (V),Synchronised,Categorised,Driver E
Synchronised V abd S datasets/Categorised IOVNB Dataset/Vta (Driver E)/Vta28/V-Vta28.JPG,V-Vta28.JPG,.jpg,Vta28,130,94954,True,d51005e04e0953d6c4ac9a129e25539b87a5fb16a56e442017b7719c20397511,Vehicle (V),Synchronised,Categorised,Driver E
Synchronised V abd S datasets/Categorised IOVNB Dataset/Vta (Driver E)/Vta29/S-Vta29.csv,S-Vta29.csv,.csv,Vta29,132,4387027,True,dc24cf9cd6b8cce2553f283d5c042396d7a4df29b7094321a09585e65d996476,Smartphone (S),Synchronised,Categorised,Driver E
Synchronised V abd S datasets/Categorised IOVNB Dataset/Vta (Driver E)/Vta29/V-vta29.csv,V-vta29.csv,.csv,Vta29,132,5117097,True,6c6fbb29e6400817be84ecf2370d98025cfff9debf2f2e73c3ddaa3a9560dd1d,Vehicle (V),Synchronised,Categorised,Driver E
Synchronised V abd S datasets/Categorised IOVNB Dataset/Vta (Driver E)/Vta29/V-Vta29.JPG,V-Vta29.JPG,.jpg,Vta29,130,80481,True,0812b037133c16a2b872b18591d15a908e2f76d468cd8f51125a3869565ff057,Vehicle (V),Synchronised,Categorised,Driver E
Synchronised V abd S datasets/Categorised IOVNB Dataset/Vta (Driver E)/Vta30/S-Vta30.csv,S-Vta30.csv,.csv,Vta30,132,3175640,True,d6f65e16288c2fd1150435bca4c2383e323d55935824a8ae21799a8563271ccb,Smartphone (S),Synchronised,Categorised,Driver E
Synchronised V abd S datasets/Categorised IOVNB Dataset/Vta (Driver E)/Vta30/V-vta30.csv,V-vta30.csv,.csv,Vta30,132,3628928,True,d73b5ac746240670e9a420fa38bf910eacef4e7eb6a85e4c86c76abcae33fec1,Vehicle (V),Synchronised,Categorised,Driver E
Synchronised V abd S datasets/Categorised IOVNB Dataset/Vta (Driver E)/Vta30/V-Vta30.JPG,V-Vta30.JPG,.jpg,Vta30,131,127644,True,3d81a238474785d2736b40f2c122fe713edd8855d99fd89c70c8c0c489ae429a,Vehicle (V),Synchronised,Categorised,Driver E
Synchronised V abd S datasets/Categorised IOVNB Dataset/Vtb (Driver E)/Vtb01/S-Vtb1.csv,S-Vtb1.csv,.csv,Vtb01,132,6052896,True,7bdca3360c9411c58fdc41e4366fc79f336b087fd89c6d295976504c5e559e64,Smartphone (S),Synchronised,Categorised,Driver E
Synchronised V abd S datasets/Categorised IOVNB Dataset/Vtb (Driver E)/Vtb01/V-vtb1.csv,V-vtb1.csv,.csv,Vtb01,132,6989783,True,8ab039c67c83f62ed1abad0e74c1a92886584e16a67951771fcf9d55cf3d999a,Vehicle (V),Synchronised,Categorised,Driver E
Synchronised V abd S datasets/Categorised IOVNB Dataset/Vtb (Driver E)/Vtb01/V-Vtb1.JPG,V-Vtb1.JPG,.jpg,Vtb01,131,156966,True,8c655ad0f2858cb32b5a11194197e37f6f17d7f8a7f6da0da8e4968d45adbc9b,Vehicle (V),Synchronised,Categorised,Driver E
Synchronised V abd S datasets/Categorised IOVNB Dataset/Vtb (Driver E)/Vtb02/S-Vtb2.csv,S-Vtb2.csv,.csv,Vtb02,132,1053029,True,6552ab344fe50a0163f980f3d852fef80ac8520530985902206eb7d15b44cfb1,Smartphone (S),Synchronised,Categorised,Driver E
Synchronised V abd S datasets/Categorised IOVNB Dataset/Vtb (Driver E)/Vtb02/V-vtb2.csv,V-vtb2.csv,.csv,Vtb02,132,1200565,True,4a194e6885091663a1df0f3572f8f42118bca278e39680912ce1aa3d4995ee83,Vehicle (V),Synchronised,Categorised,Driver E
Synchronised V abd S datasets/Categorised IOVNB Dataset/Vtb (Driver E)/Vtb02/V-Vtb2.JPG,V-Vtb2.JPG,.jpg,Vtb02,131,146447,True,bb1fc253c424ea2ba2d0b547fa27e138956df9c731ae5eb14e3442c62f55d12a,Vehicle (V),Synchronised,Categorised,Driver E
Synchronised V abd S datasets/Categorised IOVNB Dataset/Vtb (Driver E)/Vtb03/S-Vtb3.csv,S-Vtb3.csv,.csv,Vtb03,132,1530275,True,7cadb0617ec69513de0ee718c707acc72cdb76261ec0ab33e629d8354cbaf883,Smartphone (S),Synchronised,Categorised,Driver E
Synchronised V abd S datasets/Categorised IOVNB Dataset/Vtb (Driver E)/Vtb03/V-vtb3.csv,V-vtb3.csv,.csv,Vtb03,132,1739502,True,17e9cc28a2a6b29038bb969725a96d8f46d514694d7b57686fa4ff0e2118577d,Vehicle (V),Synchronised,Categorised,Driver E
Synchronised V abd S datasets/Categorised IOVNB Dataset/Vtb (Driver E)/Vtb03/V-Vtb3.JPG,V-Vtb3.JPG,.jpg,Vtb03,131,166763,True,6f8e9279149f352ab92805ef6314283e4f0afcfde6ff26b4d14290fdecb8ee3c,Vehicle (V),Synchronised,Categorised,Driver E
Synchronised V abd S datasets/Categorised IOVNB Dataset/Vtb (Driver E)/Vtb04/S-Vtb4.csv,S-Vtb4.csv,.csv,Vtb04,131,103090,True,cdc2626adc124083a440cefb8a5ed0299e4c5e25aa4a5612316fb3dc784708c4,Smartphone (S),Synchronised,Categorised,Driver E
Synchronised V abd S datasets/Categorised IOVNB Dataset/Vtb (Driver E)/Vtb04/V-vtb4.csv,V-vtb4.csv,.csv,Vtb04,131,118374,True,b5aac0532f3eb63843807d10c6130b6c0b39f94c844acd3027ddb2f200b0be6b,Vehicle (V),Synchronised,Categorised,Driver E
Synchronised V abd S datasets/Categorised IOVNB Dataset/Vtb (Driver E)/Vtb04/V-Vtb4.JPG,V-Vtb4.JPG,.jpg,Vtb04,131,166765,True,b93440af92ee513283aa4be079ff8ee96da3f7fafcf0491dfa8d9443d33f2b0e,Vehicle (V),Synchronised,Categorised,Driver E
Synchronised V abd S datasets/Categorised IOVNB Dataset/Vtb (Driver E)/Vtb05/S-Vtb5.csv,S-Vtb5.csv,.csv,Vtb05,133,12010333,True,4753710832962b5ce8452cf62e314f81744a51dfa166f57f4dd7f678d4a199e8,Smartphone (S),Synchronised,Categorised,Driver E
Synchronised V abd S datasets/Categorised IOVNB Dataset/Vtb (Driver E)/Vtb05/V-vtb5.csv,V-vtb5.csv,.csv,Vtb05,133,13567208,True,a4aac15f70c4555ee69c2898b1254d25a815afa56cdb3e93f592819475272000,Vehicle (V),Synchronised,Categorised,Driver E
Synchronised V abd S datasets/Categorised IOVNB Dataset/Vtb (Driver E)/Vtb05/V-Vtb5.JPG,V-Vtb5.JPG,.jpg,Vtb05,130,96900,True,cc7a4f061aeda599026ec89febd49d3bfca3a40d5f2900e49ab666458f1e4d27,Vehicle (V),Synchronised,Categorised,Driver E
Synchronised V abd S datasets/Categorised IOVNB Dataset/Vtb (Driver E)/Vtb06/S-Vtb6.csv,S-Vtb6.csv,.csv,Vtb06,130,94210,True,8ab4e1f0373173eb17f93426a6a2de2c1f01080fbc915c56443308256da28baa,Smartphone (S),Synchronised,Categorised,Driver E
Synchronised V abd S datasets/Categorised IOVNB Dataset/Vtb (Driver E)/Vtb06/V-vtb6.csv,V-vtb6.csv,.csv,Vtb06,131,105659,True,3f55326e614a377761a52e9ef1bc09e23653f0d37029679f4c171cacf364cfa3,Vehicle (V),Synchronised,Categorised,Driver E
Synchronised V abd S datasets/Categorised IOVNB Dataset/Vtb (Driver E)/Vtb06/V-Vtb6.JPG,V-Vtb6.JPG,.jpg,Vtb06,131,149826,True,cb4a9b69cba196c060bbc757ddc5a38c3c2796c185530c642a8c35fd4422cba8,Vehicle (V),Synchronised,Categorised,Driver E
Synchronised V abd S datasets/Categorised IOVNB Dataset/Vtb (Driver E)/Vtb07/S-Vtb7.csv,S-Vtb7.csv,.csv,Vtb07,130,87349,True,b798d898dc371334ce8627ed416fcbfc423852b204993bdfe884a2dc11b56696,Smartphone (S),Synchronised,Categorised,Driver E
Synchronised V abd S datasets/Categorised IOVNB Dataset/Vtb (Driver E)/Vtb07/V-vtb7.csv,V-vtb7.csv,.csv,Vtb07,131,101086,True,d2a5d2206394b29e775ffa7a240d49770c49168a898d78e0f87e8426dc6f2f32,Vehicle (V),Synchronised,Categorised,Driver E
Synchronised V abd S datasets/Categorised IOVNB Dataset/Vtb (Driver E)/Vtb07/V-Vtb7.JPG,V-Vtb7.JPG,.jpg,Vtb07,131,112096,True,a264d6c7a077f98721c8fcb404f6dacaa8167ebc6fd39cb3d9847263cdaaf9a9,Vehicle (V),Synchronised,Categorised,Driver E
Synchronised V abd S datasets/Categorised IOVNB Dataset/Vtb (Driver E)/Vtb08/S-Vtb8.csv,S-Vtb8.csv,.csv,Vtb08,131,126023,True,cdd40e3a04fe2f39eddf8dbaac68db124e0a1d858e70d08992ebc81708701e16,Smartphone (S),Synchronised,Categorised,Driver E
Synchronised V abd S datasets/Categorised IOVNB Dataset/Vtb (Driver E)/Vtb08/V-vtb8.csv,V-vtb8.csv,.csv,Vtb08,131,138162,True,0f11eea4a2c183a7bae05c0cc6f795d4344c2bbf621010129de8584747db93b2,Vehicle (V),Synchronised,Categorised,Driver E
Synchronised V abd S datasets/Categorised IOVNB Dataset/Vtb (Driver E)/Vtb08/V-Vtb8.JPG,V-Vtb8.JPG,.jpg,Vtb08,130,71872,True,b44096c9fd487333a0fb082006db8b578a6efa1ae978821b5e7cc35addc1385b,Vehicle (V),Synchronised,Categorised,Driver E
Synchronised V abd S datasets/Categorised IOVNB Dataset/Vtb (Driver E)/Vtb09/S-Vtb9.csv,S-Vtb9.csv,.csv,Vtb09,130,85640,True,0a9dcbe6816e28e6c663f1b90668d37e024f314ee9bc91a674d49eb28b7fb01c,Smartphone (S),Synchronised,Categorised,Driver E
Synchronised V abd S datasets/Categorised IOVNB Dataset/Vtb (Driver E)/Vtb09/V-vtb9.csv,V-vtb9.csv,.csv,Vtb09,130,93354,True,ce69ae88e13086a35f6c21ed468959f79084a8e833e60ef886c303ce76297318,Vehicle (V),Synchronised,Categorised,Driver E
Synchronised V abd S datasets/Categorised IOVNB Dataset/Vtb (Driver E)/Vtb09/V-Vtb9.JPG,V-Vtb9.JPG,.jpg,Vtb09,130,85590,True,62eccaff0574f2fb3e1b68a74e03ae87cf253f06c32af631a9f027dadb888c9a,Vehicle (V),Synchronised,Categorised,Driver E
Synchronised V abd S datasets/Categorised IOVNB Dataset/Vtb (Driver E)/Vtb10/S-Vtb10.csv,S-Vtb10.csv,.csv,Vtb10,130,37176,True,b81e128fd1594a0730f36d285c1c447d17a370e6637616e4017b44ff3c714742,Smartphone (S),Synchronised,Categorised,Driver E
Synchronised V abd S datasets/Categorised IOVNB Dataset/Vtb (Driver E)/Vtb10/V-vtb10.csv,V-vtb10.csv,.csv,Vtb10,130,42725,True,5b0fe6e9f967fe9e9615defbf3674f9e8843747b6658867e8fee452e17a58d88,Vehicle (V),Synchronised,Categorised,Driver E
Synchronised V abd S datasets/Categorised IOVNB Dataset/Vtb (Driver E)/Vtb10/V-Vtb10.JPG,V-Vtb10.JPG,.jpg,Vtb10,131,155179,True,f0ba60885c879e849f719604aa00bdb3286461cf9725517a47c86bc36bfbbcd9,Vehicle (V),Synchronised,Categorised,Driver E
Synchronised V abd S datasets/Categorised IOVNB Dataset/Vtb (Driver E)/Vtb11/S-Vtb11.csv,S-Vtb11.csv,.csv,Vtb11,130,68659,True,cd3ec5fb7285089c5e37e8f42e7e899875839b7911ebec77751d8b1a01d90510,Smartphone (S),Synchronised,Categorised,Driver E
Synchronised V abd S datasets/Categorised IOVNB Dataset/Vtb (Driver E)/Vtb11/V-vtb11.csv,V-vtb11.csv,.csv,Vtb11,130,74838,True,e611eb46d62fb695e3b4e64943a50102a770d818b6e0f5a93b021d8eb2d13c71,Vehicle (V),Synchronised,Categorised,Driver E
Synchronised V abd S datasets/Categorised IOVNB Dataset/Vtb (Driver E)/Vtb11/V-Vtb11.JPG,V-Vtb11.JPG,.jpg,Vtb11,130,71219,True,7b62a82888ec67c9f437125caeeb1cad1bdbe00e5e78c426332db56e20bb7409,Vehicle (V),Synchronised,Categorised,Driver E
Synchronised V abd S datasets/Categorised IOVNB Dataset/Vtb (Driver E)/Vtb12/S-Vtb12.csv,S-Vtb12.csv,.csv,Vtb12,130,83892,True,00e8dc12482919e0cfc43218275390f295c3f3b75e34ebeef0ade8b4809a3f5a,Smartphone (S),Synchronised,Categorised,Driver E
Synchronised V abd S datasets/Categorised IOVNB Dataset/Vtb (Driver E)/Vtb12/V-vtb12.csv,V-vtb12.csv,.csv,Vtb12,130,94747,True,dad39fa7ff152dc13ab8e7d903047bcfdb7882c8fe03b7c0f8f12eef07cbc115,Vehicle (V),Synchronised,Categorised,Driver E
Synchronised V abd S datasets/Categorised IOVNB Dataset/Vtb (Driver E)/Vtb12/V-Vtb12.JPG,V-Vtb12.JPG,.jpg,Vtb12,131,155651,True,a771f5f016811158a5b33ff3c511014d77447e215114f540d36053b5f9361428,Vehicle (V),Synchronised,Categorised,Driver E
Synchronised V abd S datasets/Categorised IOVNB Dataset/Vw (Driver E)/Vw01/S-Vw1.csv,S-Vw1.csv,.csv,Vw01,132,3524952,True,41fb71ae3223748b2c0513d5b58338f92f25c85a5dd4e2816a932b263cf5f05b,Smartphone (S),Synchronised,Categorised,Driver E
Synchronised V abd S datasets/Categorised IOVNB Dataset/Vw (Driver E)/Vw01/V-Vw1.csv,V-Vw1.csv,.csv,Vw01,132,4001856,True,125a3ab348bca6b5d9fb2d52b7ba1f27d4a31f03b7b60b16ef778f7935bb4380,Vehicle (V),Synchronised,Categorised,Driver E
Synchronised V abd S datasets/Categorised IOVNB Dataset/Vw (Driver E)/Vw01/V-Vw1.JPG,V-Vw1.JPG,.jpg,Vw01,130,73282,True,9168bd74bdfd3623e34c5e92122233cbf00b3cf7632bd2e0403183d2805cd1d5,Vehicle (V),Synchronised,Categorised,Driver E
Synchronised V abd S datasets/Categorised IOVNB Dataset/Vw (Driver E)/Vw02/S-Vw2.csv,S-Vw2.csv,.csv,Vw02,132,9883172,True,c153268bf5f53e173934f50084c598d0c29ba93aad4a3b50b14a314d5402dbab,Smartphone (S),Synchronised,Categorised,Driver E
Synchronised V abd S datasets/Categorised IOVNB Dataset/Vw (Driver E)/Vw02/V-Vw2.csv,V-Vw2.csv,.csv,Vw02,133,11341576,True,6aeca8956af02a64051042fa4b807e858691ea36b0c5a6642f78a33d5af113db,Vehicle (V),Synchronised,Categorised,Driver E
Synchronised V abd S datasets/Categorised IOVNB Dataset/Vw (Driver E)/Vw02/V-Vw2.JPG,V-Vw2.JPG,.jpg,Vw02,131,125623,True,5b87cd9172594b99a9845c9fff59eabacc50864af7df58f14b39ccdf92df5a1a,Vehicle (V),Synchronised,Categorised,Driver E
Synchronised V abd S datasets/Categorised IOVNB Dataset/Vw (Driver E)/Vw03/S-Vw3.csv,S-Vw3.csv,.csv,Vw03,131,720455,True,6fa0f3d88a6c7c80cf7adf82b9e969d2de489e799b4f9a604758c8ce479ce7a3,Smartphone (S),Synchronised,Categorised,Driver E
Synchronised V abd S datasets/Categorised IOVNB Dataset/Vw (Driver E)/Vw03/V-Vw3.csv,V-Vw3.csv,.csv,Vw03,131,839545,True,b89ca7c566b668ab0f4c16eda1343f9e0527a31bf6c603212e146ba84928dd6f,Vehicle (V),Synchronised,Categorised,Driver E
Synchronised V abd S datasets/Categorised IOVNB Dataset/Vw (Driver E)/Vw03/V-Vw3.JPG,V-Vw3.JPG,.jpg,Vw03,131,156856,True,803f28108cd371e5ce6a3e0e37bb3b791d0de6ae4e770e13d85d7f008dab8adc,Vehicle (V),Synchronised,Categorised,Driver E
Synchronised V abd S datasets/Categorised IOVNB Dataset/Vw (Driver E)/Vw04/S-Vw4.csv,S-Vw4.csv,.csv,Vw04,133,23607418,True,0d79ef3cd96f48b611e5da7dd14f4cb6ed0f1f747d247d26847918545440b9d3,Smartphone (S),Synchronised,Categorised,Driver E
Synchronised V abd S datasets/Categorised IOVNB Dataset/Vw (Driver E)/Vw04/V-Vw4.csv,V-Vw4.csv,.csv,Vw04,133,27124526,True,db9ba7d930842b5f15543c71c1b350f52bef0fe0c27653279d3c35cffb331556,Vehicle (V),Synchronised,Categorised,Driver E
Synchronised V abd S datasets/Categorised IOVNB Dataset/Vw (Driver E)/Vw04/V-Vw4.JPG,V-Vw4.JPG,.jpg,Vw04,131,178818,True,b213d4ae4dd94b03f7de8f4e8aae75921846b2e2104ce83879be95574a8f1b9d,Vehicle (V),Synchronised,Categorised,Driver E
Synchronised V abd S datasets/Categorised IOVNB Dataset/Vw (Driver E)/Vw05/S-Vw5.csv,S-Vw5.csv,.csv,Vw05,131,188883,True,0750e1ddccb84440e4984f308872a2ff20c64019b64e27815d79496a7e6dbce6,Smartphone (S),Synchronised,Categorised,Driver E
Synchronised V abd S datasets/Categorised IOVNB Dataset/Vw (Driver E)/Vw05/V-Vw5.csv,V-Vw5.csv,.csv,Vw05,131,216316,True,a9972e12e8ea995a1387b768f625d1cf85444916bff03d0b50d2b133ee97116f,Vehicle (V),Synchronised,Categorised,Driver E
Synchronised V abd S datasets/Categorised IOVNB Dataset/Vw (Driver E)/Vw05/V-Vw5.JPG,V-Vw5.JPG,.jpg,Vw05,131,144350,True,df7f647e5875378bd1d3e2c386868839350449825ab35f4b7879347332be3b88,Vehicle (V),Synchronised,Categorised,Driver E
Synchronised V abd S datasets/Categorised IOVNB Dataset/Vw (Driver E)/Vw06/S-Vw6.csv,S-Vw6.csv,.csv,Vw06,131,238315,True,9543a52492106a1ee4ad815f5a2f183e2f7142979f4edb2ae34755d0c4b3a087,Smartphone (S),Synchronised,Categorised,Driver E
Synchronised V abd S datasets/Categorised IOVNB Dataset/Vw (Driver E)/Vw06/V-Vw6.csv,V-Vw6.csv,.csv,Vw06,131,278191,True,2399eafd439216c38749ebc2b2751251f22dd4e3c46b7bce8c42d23b50e485cb,Vehicle (V),Synchronised,Categorised,Driver E
Synchronised V abd S datasets/Categorised IOVNB Dataset/Vw (Driver E)/Vw06/V-Vw6.JPG,V-Vw6.JPG,.jpg,Vw06,131,160845,True,ac717d2564958ac032479e3840a0e7ea2d35aec4ed7d0e2a8559a9e925ffe4f4,Vehicle (V),Synchronised,Categorised,Driver E
Synchronised V abd S datasets/Categorised IOVNB Dataset/Vw (Driver E)/Vw07/S-Vw7.csv,S-Vw7.csv,.csv,Vw07,131,300843,True,953176680614bf889a938ee4cc940227d820206a2f58942f8a5ff74ada4e7b2f,Smartphone (S),Synchronised,Categorised,Driver E
Synchronised V abd S datasets/Categorised IOVNB Dataset/Vw (Driver E)/Vw07/V-Vw7.csv,V-Vw7.csv,.csv,Vw07,131,346895,True,3ba9d21d1532b4e15dc41ed9e4baa996e1ccf7b447f2fc41ee44564a5dd1f5ef,Vehicle (V),Synchronised,Categorised,Driver E
Synchronised V abd S datasets/Categorised IOVNB Dataset/Vw (Driver E)/Vw07/V-Vw7.JPG,V-Vw7.JPG,.jpg,Vw07,131,180212,True,480e2af92ccfb290ac45a3f980967ce67db90555b160b19aab44f8a3cc9987a1,Vehicle (V),Synchronised,Categorised,Driver E
Synchronised V abd S datasets/Categorised IOVNB Dataset/Vw (Driver E)/Vw08/S-Vw8.csv,S-Vw8.csv,.csv,Vw08,131,287123,True,f1321e689b66128e7b116b9aedb0e8e5304f9566781f8111c4d1f4a933c543a2,Smartphone (S),Synchronised,Categorised,Driver E
Synchronised V abd S datasets/Categorised IOVNB Dataset/Vw (Driver E)/Vw08/V-Vw8.csv,V-Vw8.csv,.csv,Vw08,131,332609,True,0b08f02c7568c47b79ae137f9811b6bead3d1550e60a0be496f7430b0fbb49de,Vehicle (V),Synchronised,Categorised,Driver E
Synchronised V abd S datasets/Categorised IOVNB Dataset/Vw (Driver E)/Vw08/V-Vw8.JPG,V-Vw8.JPG,.jpg,Vw08,131,210836,True,b77c088ec971d914ec44ed793ba77d69d43a2bd22f66bccf00ca33ff1914a928,Vehicle (V),Synchronised,Categorised,Driver E
Synchronised V abd S datasets/Categorised IOVNB Dataset/Vw (Driver E)/Vw09/S-Vw9.csv,S-Vw9.csv,.csv,Vw09,131,103572,True,40d96f99b100518c0f2dbe6bf9dbfc94b89e25c865b3d1e6b795d132127d917c,Smartphone (S),Synchronised,Categorised,Driver E
Synchronised V abd S datasets/Categorised IOVNB Dataset/Vw (Driver E)/Vw09/V-Vw9.csv,V-Vw9.csv,.csv,Vw09,131,121383,True,ec3f3b288fe0793b17db003d0b9e1f6a0d6ec594b017ac2251a438df4743dfe7,Vehicle (V),Synchronised,Categorised,Driver E
Synchronised V abd S datasets/Categorised IOVNB Dataset/Vw (Driver E)/Vw09/V-Vw9.JPG,V-Vw9.JPG,.jpg,Vw09,131,156747,True,6bc1160db4aee7ac926f16dde4222ef6cdde57cdf0ac2757bef2e06998256913,Vehicle (V),Synchronised,Categorised,Driver E
Synchronised V abd S datasets/Categorised IOVNB Dataset/Vw (Driver E)/Vw10/S-Vw10.csv,S-Vw10.csv,.csv,Vw10,131,123092,True,b2aa8e3d7bae40e9f17cd20fe4c80d79f34b012a07e3b8aeb0eedf5ed42b7790,Smartphone (S),Synchronised,Categorised,Driver E
Synchronised V abd S datasets/Categorised IOVNB Dataset/Vw (Driver E)/Vw10/V-Vw10.csv,V-Vw10.csv,.csv,Vw10,131,141457,True,acec110be8eb7ef43784d195d1bd55e44ac13833ab258b8d7ab696e18ac6b5bd,Vehicle (V),Synchronised,Categorised,Driver E
Synchronised V abd S datasets/Categorised IOVNB Dataset/Vw (Driver E)/Vw10/V-Vw10.JPG,V-Vw10.JPG,.jpg,Vw10,131,188195,True,6dc3dc2218bcfbf4c87879f9d26d24ad0fe562f902d06d1682748f6bbb84c7cf,Vehicle (V),Synchronised,Categorised,Driver E
Synchronised V abd S datasets/Categorised IOVNB Dataset/Vw (Driver E)/Vw11/S-Vw11.csv,S-Vw11.csv,.csv,Vw11,131,924189,True,b9dd70fc7282ba469fdf8835062286bb3cb53bbf4f6d3d2dff4d71c5b597a5c1,Smartphone (S),Synchronised,Categorised,Driver E
Synchronised V abd S datasets/Categorised IOVNB Dataset/Vw (Driver E)/Vw11/V-Vw11.csv,V-Vw11.csv,.csv,Vw11,132,1032515,True,5e50658cbdd33fc9dfc0dd462a68996ab31cd6b584b67e6713d4f3d3bf04d455,Vehicle (V),Synchronised,Categorised,Driver E
Synchronised V abd S datasets/Categorised IOVNB Dataset/Vw (Driver E)/Vw11/V-Vw11.JPG,V-Vw11.JPG,.jpg,Vw11,131,164533,True,eb2aee9170a26d1a1c4c5ab1ef64989c4b71d98c608bada428d66cf91adf9b5d,Vehicle (V),Synchronised,Categorised,Driver E
Synchronised V abd S datasets/Categorised IOVNB Dataset/Vw (Driver E)/Vw12/S-Vw12.csv,S-Vw12.csv,.csv,Vw12,131,170958,True,e5598004be4250cba1361d3b7fea8cb45526ce6e8b8efb7466c5a03a2e6fd57e,Smartphone (S),Synchronised,Categorised,Driver E
Synchronised V abd S datasets/Categorised IOVNB Dataset/Vw (Driver E)/Vw12/V-Vw12.csv,V-Vw12.csv,.csv,Vw12,131,188273,True,f474667235581e514d44f371cc81039aacc6c0604669f552f127bdb8c60e370b,Vehicle (V),Synchronised,Categorised,Driver E
Synchronised V abd S datasets/Categorised IOVNB Dataset/Vw (Driver E)/Vw12/V-Vw12.JPG,V-Vw12.JPG,.jpg,Vw12,130,77937,True,4393fd38e1e05a202c7ee939c65c03dd0427c15cdf27e6547dc64fd66c69af1a,Vehicle (V),Synchronised,Categorised,Driver E
Synchronised V abd S datasets/Categorised IOVNB Dataset/Vw (Driver E)/Vw13/S-Vw13.csv,S-Vw13.csv,.csv,Vw13,130,53041,True,8dbdb8d7c3c0790c66dc33bfffd3eb98d59010f849ef15bdf7097b67f23b8733,Smartphone (S),Synchronised,Categorised,Driver E
Synchronised V abd S datasets/Categorised IOVNB Dataset/Vw (Driver E)/Vw13/V-Vw13.csv,V-Vw13.csv,.csv,Vw13,130,59207,True,2b5e7012d2fce26807d48ce46effd70d217574516c6fb77467beffde7f97e767,Vehicle (V),Synchronised,Categorised,Driver E
Synchronised V abd S datasets/Categorised IOVNB Dataset/Vw (Driver E)/Vw13/V-Vw13.JPG,V-Vw13.JPG,.jpg,Vw13,130,61617,True,59774db7712003659cdf50420d9f1c7709f94103490ddd3c7226e44134860d2c,Vehicle (V),Synchronised,Categorised,Driver E
Synchronised V abd S datasets/Categorised IOVNB Dataset/Vw (Driver E)/Vw14a/S-Vw14a.csv,S-Vw14a.csv,.csv,Vw14a,131,585872,True,de5b5da05baa7bedd0d9fa66c6faa908823ab731849c1dad0156d400252e4646,Smartphone (S),Synchronised,Categorised,Driver E
Synchronised V abd S datasets/Categorised IOVNB Dataset/Vw (Driver E)/Vw14a/V-Vw14a.csv,V-Vw14a.csv,.csv,Vw14a,131,651054,True,442bef4ccc4464f0a0a31a332ea9c71e5e14baf7b50080c647e6fa6f7ddb5dbf,Vehicle (V),Synchronised,Categorised,Driver E
Synchronised V abd S datasets/Categorised IOVNB Dataset/Vw (Driver E)/Vw14a/V-Vw14a.JPG,V-Vw14a.JPG,.jpg,Vw14a,130,81078,True,5f90a9f5c153b0aa87d2a64c5cf4472d1c5e7267792788c04cd39ce773ee852b,Vehicle (V),Synchronised,Categorised,Driver E
Synchronised V abd S datasets/Categorised IOVNB Dataset/Vw (Driver E)/Vw14b/S-Vw14b.csv,S-Vw14b.csv,.csv,Vw14b,132,3668924,True,5f13f8ede6117bb26ea26f977f19282415dc4064368b6ad3a502c8d3c1150b3f,Smartphone (S),Synchronised,Categorised,Driver E
Synchronised V abd S datasets/Categorised IOVNB Dataset/Vw (Driver E)/Vw14b/V-Vw14b.csv,V-Vw14b.csv,.csv,Vw14b,132,4120915,True,ee81d26af18170ab6473f2f51bc6f8221be5b7fb233829c537d680b4ba2fa199,Vehicle (V),Synchronised,Categorised,Driver E
Synchronised V abd S datasets/Categorised IOVNB Dataset/Vw (Driver E)/Vw14b/V-Vw14b.JPG,V-Vw14b.JPG,.jpg,Vw14b,131,175205,True,d29d87e799748a5c20e60e2ae9572e232ccca0722af751574a34d2363bcb7e15,Vehicle (V),Synchronised,Categorised,Driver E
Synchronised V abd S datasets/Categorised IOVNB Dataset/Vw (Driver E)/Vw14c/S-Vw14c.csv,S-Vw14c.csv,.csv,Vw14c,132,2957471,True,ce97c12ec0c9cff740dfe3a18e17aa0be0b8b7ec43bc53daa01b357dd6bf11d7,Smartphone (S),Synchronised,Categorised,Driver E
Synchronised V abd S datasets/Categorised IOVNB Dataset/Vw (Driver E)/Vw14c/V-Vw14c.csv,V-Vw14c.csv,.csv,Vw14c,132,3363425,True,1b3b6d1e2e4d7c89cbe66f7888534cee2d13bf1287d52432a995b7cad8a82c7f,Vehicle (V),Synchronised,Categorised,Driver E
Synchronised V abd S datasets/Categorised IOVNB Dataset/Vw (Driver E)/Vw14c/V-Vw14c.JPG,V-Vw14c.JPG,.jpg,Vw14c,131,128142,True,fed95350ab683e80cb65cf819c99652f38865597baf361dcbb68064140d4c270,Vehicle (V),Synchronised,Categorised,Driver E
Synchronised V abd S datasets/Categorised IOVNB Dataset/Vw (Driver E)/Vw15/S-Vw15.csv,S-Vw15.csv,.csv,Vw15,131,254039,True,7e440cc28168a538f694c07d24b374c75af7cce13cb108e342f5eb2ef5633728,Smartphone (S),Synchronised,Categorised,Driver E
Synchronised V abd S datasets/Categorised IOVNB Dataset/Vw (Driver E)/Vw15/V-Vw15.csv,V-Vw15.csv,.csv,Vw15,131,263885,True,bd65ae3932fc1b6ec64d0347c34bfa66bf3ff8ef276f8aff31c546e0bac2684f,Vehicle (V),Synchronised,Categorised,Driver E
Synchronised V abd S datasets/Categorised IOVNB Dataset/Vw (Driver E)/Vw15/V-Vw15.JPG,V-Vw15.JPG,.jpg,Vw15,131,103546,True,2a15184fca7d01059d4017e374695f7cb277a6fabb1b659e4cfbdeb13ced3e50,Vehicle (V),Synchronised,Categorised,Driver E
Synchronised V abd S datasets/Categorised IOVNB Dataset/Vw (Driver E)/Vw16a/S-Vw16a.csv,S-Vw16a.csv,.csv,Vw16a,132,1100323,True,1b25f604e07545448be54970cd480b23bc7a37814118d6b86dad10ff29ba8d0f,Smartphone (S),Synchronised,Categorised,Driver E
Synchronised V abd S datasets/Categorised IOVNB Dataset/Vw (Driver E)/Vw16a/V-Vw16a.csv,V-Vw16a.csv,.csv,Vw16a,132,1241037,True,0b92aa13c01d1436e10a3b3272a8649e6639630f72d3e2b3c618ae2957a97989,Vehicle (V),Synchronised,Categorised,Driver E
Synchronised V abd S datasets/Categorised IOVNB Dataset/Vw (Driver E)/Vw16a/V-Vw16a.JPG,V-Vw16a.JPG,.jpg,Vw16a,131,136984,True,f28423ffa24fa803e9f502963c936118fd4a67266b28c0fc2efcf3a59b2723e8,Vehicle (V),Synchronised,Categorised,Driver E
Synchronised V abd S datasets/Categorised IOVNB Dataset/Vw (Driver E)/Vw16b/S-Vw16b.csv,S-Vw16b.csv,.csv,Vw16b,131,211892,True,817fd5f786beebb804b39e00c0da1a541e37074b7dcb843fdb43ea94dbefa190,Smartphone (S),Synchronised,Categorised,Driver E
Synchronised V abd S datasets/Categorised IOVNB Dataset/Vw (Driver E)/Vw16b/V-Vw16b.csv,V-Vw16b.csv,.csv,Vw16b,131,239979,True,1e81b217eaf6c2340aafbbc122ad738d876013366737437155a4e722eb6fd8ed,Vehicle (V),Synchronised,Categorised,Driver E
Synchronised V abd S datasets/Categorised IOVNB Dataset/Vw (Driver E)/Vw16b/V-Vw16b.JPG,V-Vw16b.JPG,.jpg,Vw16b,130,95228,True,eceee501cc31e339c5098f0a3aec6fbe2302eb3012cecb10fadda1ec81025608,Vehicle (V),Synchronised,Categorised,Driver E
Synchronised V abd S datasets/Categorised IOVNB Dataset/Vw (Driver E)/Vw17/S-Vw17.csv,S-Vw17.csv,.csv,Vw17,130,62489,True,cc55c4ce1a945a78ccfa71d3f3e290a30145f88610d1e6cbc541cb1c48cd6ce4,Smartphone (S),Synchronised,Categorised,Driver E
Synchronised V abd S datasets/Categorised IOVNB Dataset/Vw (Driver E)/Vw17/V-Vw17.csv,V-Vw17.csv,.csv,Vw17,130,71065,True,62ab9ddd16621eb70afaeec7237ae7b31499ae5df9e9d57324fc07fe648a48ee,Vehicle (V),Synchronised,Categorised,Driver E
Synchronised V abd S datasets/Categorised IOVNB Dataset/Vw (Driver E)/Vw17/V-Vw17.JPG,V-Vw17.JPG,.jpg,Vw17,131,130602,True,75523598943ca481194fd2d5fddf315a095bcc81591883f299f7a6433667ac32,Vehicle (V),Synchronised,Categorised,Driver E
Synchronised V abd S datasets/Categorised IOVNB Dataset/Y (Driver D)/Y1/S-Y1.csv,S-Y1.csv,.csv,Y1,133,13039543,True,cf17b89f6eec6872de2412f8a17a82ab9821a881c20cbcadc23d867d9e1dde84,Smartphone (S),Synchronised,Categorised,Driver D
Synchronised V abd S datasets/Categorised IOVNB Dataset/Y (Driver D)/Y1/V-Y1.csv,V-Y1.csv,.csv,Y1,133,14986075,True,505749fb081d5a2b0d5e8eeee5865173071feda5a004ffff044560c0a1e16605,Vehicle (V),Synchronised,Categorised,Driver D
Synchronised V abd S datasets/Categorised IOVNB Dataset/Y (Driver D)/Y1/V-Y1.JPG,V-Y1.JPG,.jpg,Y1,131,149842,True,7b2d2706fc18a8e2b6b2bec2d191c99b9d491967cd1fea5c31d02b1de5bfd812,Vehicle (V),Synchronised,Categorised,Driver D
Synchronised V abd S datasets/Uncategorised IOVNB Dataset/S-Dataset/S-M.csv,S-M.csv,.csv,S-Dataset,133,19798716,True,344ca318664ad2059a3a0e6cc828de48d0d4639f73e9033b1c3855f5c2c4b202,Smartphone (S),Synchronised,Uncategorised,Driver B (UK)
Synchronised V abd S datasets/Uncategorised IOVNB Dataset/S-Dataset/S-S1.csv,S-S1.csv,.csv,S-Dataset,133,10011984,True,8c4d2678fd79cce7c819437a7d85d7d5cb9e47a63dac7d171ead3f9d052deff1,Smartphone (S),Synchronised,Uncategorised,Driver A (UK)
Synchronised V abd S datasets/Uncategorised IOVNB Dataset/S-Dataset/S-S2.csv,S-S2.csv,.csv,S-Dataset,133,17469297,True,33787323eade6857d1f8b10f4764bd60040109db697eaa91a119050d1e78feb9,Smartphone (S),Synchronised,Uncategorised,Driver A (UK)
Synchronised V abd S datasets/Uncategorised IOVNB Dataset/S-Dataset/S-S3a.csv,S-S3a.csv,.csv,S-Dataset,132,4730156,True,21c733a257fb0cd5f44a5e73081ae9eabaf4385478f8da7d2e950f26cf645b4f,Smartphone (S),Synchronised,Uncategorised,Driver A (UK)
Synchronised V abd S datasets/Uncategorised IOVNB Dataset/S-Dataset/S-S3b.csv,S-S3b.csv,.csv,S-Dataset,132,1297427,True,b4d103f19dc93cc422393360b0b1baa26797bc24cc59230db927e6cd1c044d9e,Smartphone (S),Synchronised,Uncategorised,Driver A (UK)
Synchronised V abd S datasets/Uncategorised IOVNB Dataset/S-Dataset/S-S3c.csv,S-S3c.csv,.csv,S-Dataset,132,7158727,True,d4f5a3522e31009cc7ea1e851f7666b89829f4950700ca4cbd55f8d5b62692f5,Smartphone (S),Synchronised,Uncategorised,Driver A (UK)
Synchronised V abd S datasets/Uncategorised IOVNB Dataset/S-Dataset/S-S4.csv,S-S4.csv,.csv,S-Dataset,133,17574509,True,13ec9fc341829e888d69bfbb5d9c7d818c0349ead0297446175aac770bf67421,Smartphone (S),Synchronised,Uncategorised,Driver A (UK)
Synchronised V abd S datasets/Uncategorised IOVNB Dataset/S-Dataset/S-Vfa01.csv,S-Vfa01.csv,.csv,S-Dataset,132,2134661,True,59612a4ab4b732f4772effbb7e00105a27b9848db7c6404bd85a7ecaa9bd367f,Smartphone (S),Synchronised,Uncategorised,Driver E (UK)
Synchronised V abd S datasets/Uncategorised IOVNB Dataset/S-Dataset/S-Vfa02.csv,S-Vfa02.csv,.csv,S-Dataset,133,12603651,True,d3c86779c5a037d2fe0d90769e8c799aa46b4a33ce0034f3d18cb43b82bd65d4,Smartphone (S),Synchronised,Uncategorised,Driver E (UK)
Synchronised V abd S datasets/Uncategorised IOVNB Dataset/S-Dataset/S-Vta10.csv,S-Vta10.csv,.csv,S-Dataset,131,296597,True,b02ea9000fc508d0acbc84137fd77c03a772f3cd58c730588299e488475a5468,Smartphone (S),Synchronised,Uncategorised,Driver E (UK)
Synchronised V abd S datasets/Uncategorised IOVNB Dataset/S-Dataset/S-Vta11.csv,S-Vta11.csv,.csv,S-Dataset,130,99409,True,a8838cdec1e38d3ff382fa33a320698978c717d7932d4e36d1a3afb0277ad95a,Smartphone (S),Synchronised,Uncategorised,Driver E (UK)
Synchronised V abd S datasets/Uncategorised IOVNB Dataset/S-Dataset/S-Vta12.csv,S-Vta12.csv,.csv,S-Dataset,131,119914,True,8fc611d1e26ae49599eba948b284679403a2dc2455e1eeb8ad5b0d33b9522427,Smartphone (S),Synchronised,Uncategorised,Driver E (UK)
Synchronised V abd S datasets/Uncategorised IOVNB Dataset/S-Dataset/S-Vta13.csv,S-Vta13.csv,.csv,S-Dataset,130,79167,True,e8b7b3fafaf9aed8587b3881808c60e0d96a44a8e864dba68792e6349898bb9e,Smartphone (S),Synchronised,Uncategorised,Driver E (UK)
Synchronised V abd S datasets/Uncategorised IOVNB Dataset/S-Dataset/S-Vta14.csv,S-Vta14.csv,.csv,S-Dataset,131,578774,True,c5433508ada00b74f18af8926580a37df39ff18ce3d7686dc15d1684c558343b,Smartphone (S),Synchronised,Uncategorised,Driver E (UK)
Synchronised V abd S datasets/Uncategorised IOVNB Dataset/S-Dataset/S-Vta15.csv,S-Vta15.csv,.csv,S-Dataset,131,166282,True,d5e3d159bc26c867810747da6a28fe2ac1b89e010284aa3b008a5b68e578658e,Smartphone (S),Synchronised,Uncategorised,Driver E (UK)
Synchronised V abd S datasets/Uncategorised IOVNB Dataset/S-Dataset/S-Vta16.csv,S-Vta16.csv,.csv,S-Dataset,132,2231230,True,78d47491d031a6b198cfab5fe960842e00f8fd3d3c62df74fb861febc66dabf8,Smartphone (S),Synchronised,Uncategorised,Driver E (UK)
Synchronised V abd S datasets/Uncategorised IOVNB Dataset/S-Dataset/S-Vta17.csv,S-Vta17.csv,.csv,S-Dataset,131,897277,True,5a3aad2a0324398c646d6cf7fec25d6f3a172c327d13949d34bddd5d66766cba,Smartphone (S),Synchronised,Uncategorised,Driver E (UK)
Synchronised V abd S datasets/Uncategorised IOVNB Dataset/S-Dataset/S-Vta19.csv,S-Vta19.csv,.csv,S-Dataset,130,55537,True,3423bcd27075ff76520189ea3f358e0e66bb7a7d1779d7fd769e5ba88135eb64,Smartphone (S),Synchronised,Uncategorised,Driver E (UK)
Synchronised V abd S datasets/Uncategorised IOVNB Dataset/S-Dataset/S-Vta1a.csv,S-Vta1a.csv,.csv,S-Dataset,132,4766735,True,a9a6dc797fc3ca55254ad1d14eb040684d0e60eb1a1116d5d4c15c87f73a7914,Smartphone (S),Synchronised,Uncategorised,Driver E (UK)
Synchronised V abd S datasets/Uncategorised IOVNB Dataset/S-Dataset/S-Vta1b.csv,S-Vta1b.csv,.csv,S-Dataset,131,188978,True,1e62e9f210b84448e082f9dd9113485251e5b5c828e5367c2f7a903f6a41b91b,Smartphone (S),Synchronised,Uncategorised,Driver E (UK)
Synchronised V abd S datasets/Uncategorised IOVNB Dataset/S-Dataset/S-Vta2.csv,S-Vta2.csv,.csv,S-Dataset,132,2149518,True,0cac6f803344236e0e837921cffe5eedae8fae5bbf27ccba7f7e0dfad28a9c5d,Smartphone (S),Synchronised,Uncategorised,Driver E (UK)
Synchronised V abd S datasets/Uncategorised IOVNB Dataset/S-Dataset/S-Vta20.csv,S-Vta20.csv,.csv,S-Dataset,131,608133,True,46cc5b739067755206657ed5000ae793a9f922a47ca9fedfbd34a081cf85c389,Smartphone (S),Synchronised,Uncategorised,Driver E (UK)
Synchronised V abd S datasets/Uncategorised IOVNB Dataset/S-Dataset/S-Vta21.csv,S-Vta21.csv,.csv,S-Dataset,131,414878,True,9e0dfb0d30a1ba5867c37af089800fca6df6c377ada82baaa0cc32fd99fe6ab3,Smartphone (S),Synchronised,Uncategorised,Driver E (UK)
Synchronised V abd S datasets/Uncategorised IOVNB Dataset/S-Dataset/S-Vta22.csv,S-Vta22.csv,.csv,S-Dataset,131,308800,True,3336275769997c639ed0de538f88a3daa45f4f9f551e67a0f9470d53e479b4e1,Smartphone (S),Synchronised,Uncategorised,Driver E (UK)
Synchronised V abd S datasets/Uncategorised IOVNB Dataset/S-Dataset/S-Vta23.csv,S-Vta23.csv,.csv,S-Dataset,131,222406,True,c6cb54ffdea03f3514c78d3cd424d06fd0136b7a21258375946298477247c477,Smartphone (S),Synchronised,Uncategorised,Driver E (UK)
Synchronised V abd S datasets/Uncategorised IOVNB Dataset/S-Dataset/S-Vta24.csv,S-Vta24.csv,.csv,S-Dataset,131,236619,True,ede16760a8d19107fcedb0a084685242e48542ac296746f1596f2c7dd32c7fdc,Smartphone (S),Synchronised,Uncategorised,Driver E (UK)
Synchronised V abd S datasets/Uncategorised IOVNB Dataset/S-Dataset/S-Vta25.csv,S-Vta25.csv,.csv,S-Dataset,131,127720,True,597cb59c618f437610825167de7c9ea610cb7271183210241797fca1814d2a1a,Smartphone (S),Synchronised,Uncategorised,Driver E (UK)
Synchronised V abd S datasets/Uncategorised IOVNB Dataset/S-Dataset/S-Vta26.csv,S-Vta26.csv,.csv,S-Dataset,131,387222,True,505461570ecf7c3666d353f6b4a339ad9ba2438124f612d2d33db3067cb54fde,Smartphone (S),Synchronised,Uncategorised,Driver E (UK)
Synchronised V abd S datasets/Uncategorised IOVNB Dataset/S-Dataset/S-Vta27.csv,S-Vta27.csv,.csv,S-Dataset,131,502320,True,0a5b9c6b67355a8d9f2898d18d0417774d5ce664ce37840945020a6c4e7b1d4c,Smartphone (S),Synchronised,Uncategorised,Driver E (UK)
Synchronised V abd S datasets/Uncategorised IOVNB Dataset/S-Dataset/S-Vta28.csv,S-Vta28.csv,.csv,S-Dataset,131,842776,True,7758d46199aa467768f897427bd5306e98daaee7c83a99ebbd99ea6398d81794,Smartphone (S),Synchronised,Uncategorised,Driver E (UK)
Synchronised V abd S datasets/Uncategorised IOVNB Dataset/S-Dataset/S-Vta29.csv,S-Vta29.csv,.csv,S-Dataset,132,4387022,True,ad6f4046b8cb36e1fc2acf29bc790b795d70c0f585eb4bf8b51898aa0fb93bbd,Smartphone (S),Synchronised,Uncategorised,Driver E (UK)
Synchronised V abd S datasets/Uncategorised IOVNB Dataset/S-Dataset/S-Vta3.csv,S-Vta3.csv,.csv,S-Dataset,131,123424,True,6b9f3372ca12ea7e96968fe3f92bc161d1d52249f1aa7dfab3af1711d905021d,Smartphone (S),Synchronised,Uncategorised,Driver E (UK)
Synchronised V abd S datasets/Uncategorised IOVNB Dataset/S-Dataset/S-Vta30.csv,S-Vta30.csv,.csv,S-Dataset,132,3175635,True,6eddd2c7cee20e5625b2bd17e4299fb61cf7c998776968d078142f0a57fbef6a,Smartphone (S),Synchronised,Uncategorised,Driver E (UK)
Synchronised V abd S datasets/Uncategorised IOVNB Dataset/S-Dataset/S-Vta4.csv,S-Vta4.csv,.csv,S-Dataset,131,349178,True,e6ed618845fe8a0c48f77324353908db61a959d9618247683d6f47b43e230e17,Smartphone (S),Synchronised,Uncategorised,Driver E (UK)
Synchronised V abd S datasets/Uncategorised IOVNB Dataset/S-Dataset/S-Vta5.csv,S-Vta5.csv,.csv,S-Dataset,130,60433,True,f4780e7cfdcf840fa89bfbd5c68da4fea7a17c864af548d2c269c0f05719238f,Smartphone (S),Synchronised,Uncategorised,Driver E (UK)
Synchronised V abd S datasets/Uncategorised IOVNB Dataset/S-Dataset/S-Vta6.csv,S-Vta6.csv,.csv,S-Dataset,131,272232,True,4042bf4ac484138343dfcc2d1d923ca261e56dcb6c05ee536940c65c82a1ac70,Smartphone (S),Synchronised,Uncategorised,Driver E (UK)
Synchronised V abd S datasets/Uncategorised IOVNB Dataset/S-Dataset/S-Vta7.csv,S-Vta7.csv,.csv,S-Dataset,131,164330,True,226b815eaf40a2f5756f0daca329c84eb18dc446c33b3332c456dcdcae08afef,Smartphone (S),Synchronised,Uncategorised,Driver E (UK)
Synchronised V abd S datasets/Uncategorised IOVNB Dataset/S-Dataset/S-Vta8.csv,S-Vta8.csv,.csv,S-Dataset,131,723761,True,d537ba88363da44ac758ecce88f4806ef2a44ccceede1b6cd2ff7fd1773ddd55,Smartphone (S),Synchronised,Uncategorised,Driver E (UK)
Synchronised V abd S datasets/Uncategorised IOVNB Dataset/S-Dataset/S-Vta9.csv,S-Vta9.csv,.csv,S-Dataset,130,31642,True,313f6705b2a7b92ea5503edf5ea380b816e75c3d2f032a2914c9be15bcaa4b1a,Smartphone (S),Synchronised,Uncategorised,Driver E (UK)
Synchronised V abd S datasets/Uncategorised IOVNB Dataset/S-Dataset/S-Vtb1.csv,S-Vtb1.csv,.csv,S-Dataset,132,6052891,True,54a63803daedf7d05ced73ce1512f5ad8d2abfd423ee422182e3d9c8bc5f5dd5,Smartphone (S),Synchronised,Uncategorised,Driver E (UK)
Synchronised V abd S datasets/Uncategorised IOVNB Dataset/S-Dataset/S-Vtb10.csv,S-Vtb10.csv,.csv,S-Dataset,130,38686,True,5fc125c8d12a042ebb41402795f0b35f84f0c96d348f5600f8f593daa15a57ad,Smartphone (S),Synchronised,Uncategorised,Driver E (UK)
Synchronised V abd S datasets/Uncategorised IOVNB Dataset/S-Dataset/S-Vtb11.csv,S-Vtb11.csv,.csv,S-Dataset,130,70204,True,de859ad661ccfeee82d9605a43362bcc2a36f59af8d5c862efc36daa04f67f5d,Smartphone (S),Synchronised,Uncategorised,Driver E (UK)
Synchronised V abd S datasets/Uncategorised IOVNB Dataset/S-Dataset/S-Vtb12.csv,S-Vtb12.csv,.csv,S-Dataset,130,87659,True,00d15f725f9c5f83f0782bd75c442cf6912c244c232b33919466c741e87d4a79,Smartphone (S),Synchronised,Uncategorised,Driver E (UK)
Synchronised V abd S datasets/Uncategorised IOVNB Dataset/S-Dataset/S-Vtb2.csv,S-Vtb2.csv,.csv,S-Dataset,132,1053024,True,d22bd5ee3daf27b68c7ba9a90d5d99aa8249a57cf555d14ff769c81e06aed5cb,Smartphone (S),Synchronised,Uncategorised,Driver E (UK)
Synchronised V abd S datasets/Uncategorised IOVNB Dataset/S-Dataset/S-Vtb3.csv,S-Vtb3.csv,.csv,S-Dataset,132,1530270,True,7ee5a26e7c31aa388cd5f522cdbdb2211f948f025e99ada194eb8a3790029072,Smartphone (S),Synchronised,Uncategorised,Driver E (UK)
Synchronised V abd S datasets/Uncategorised IOVNB Dataset/S-Dataset/S-Vtb4.csv,S-Vtb4.csv,.csv,S-Dataset,131,111008,True,046b47ad7199c2790abc95e6bb442a7fce9f469465ed4715be284fca25c9b02b,Smartphone (S),Synchronised,Uncategorised,Driver E (UK)
Synchronised V abd S datasets/Uncategorised IOVNB Dataset/S-Dataset/S-Vtb5.csv,S-Vtb5.csv,.csv,S-Dataset,133,12612030,True,b6185b76cbe898588d7d37c9a34a866311f9ff0f62cdf4dbbdc880cecd02c4eb,Smartphone (S),Synchronised,Uncategorised,Driver E (UK)
Synchronised V abd S datasets/Uncategorised IOVNB Dataset/S-Dataset/S-Vtb6.csv,S-Vtb6.csv,.csv,S-Dataset,130,99549,True,c03d7f15776730080bb5c110240d480036e6f2a66cc5b8f337bc2a9af9d0b4a1,Smartphone (S),Synchronised,Uncategorised,Driver E (UK)
Synchronised V abd S datasets/Uncategorised IOVNB Dataset/S-Dataset/S-Vtb7.csv,S-Vtb7.csv,.csv,S-Dataset,130,90646,True,47a81f47c46f5133d1d9bd5d4b2891303e4e00e554543ea1f55ba1c29803c109,Smartphone (S),Synchronised,Uncategorised,Driver E (UK)
Synchronised V abd S datasets/Uncategorised IOVNB Dataset/S-Dataset/S-Vtb8.csv,S-Vtb8.csv,.csv,S-Dataset,131,131319,True,9f31f5ea87e4a4a6e0ec7bbadf5c96b6aae12ae04f69b90be5e1b6d9b0a0e243,Smartphone (S),Synchronised,Uncategorised,Driver E (UK)
Synchronised V abd S datasets/Uncategorised IOVNB Dataset/S-Dataset/S-Vtb9.csv,S-Vtb9.csv,.csv,S-Dataset,130,89626,True,4d2b412c205548755ee2a33e4f80a4f1a1641122cf0439e61d2e4c9ffc2263ad,Smartphone (S),Synchronised,Uncategorised,Driver E (UK)
Synchronised V abd S datasets/Uncategorised IOVNB Dataset/S-Dataset/S-Vw1.csv,S-Vw1.csv,.csv,S-Dataset,132,3524947,True,a4fb23c9270c7bc5eaaace8ce06b342d7437619175fa4edfabedd8c179203eb7,Smartphone (S),Synchronised,Uncategorised,Driver E (UK)
Synchronised V abd S datasets/Uncategorised IOVNB Dataset/S-Dataset/S-Vw10.csv,S-Vw10.csv,.csv,S-Dataset,131,129358,True,3296af44b42221ad98763b31a96e1de42207530941b4a899d3f60ec003441dfe,Smartphone (S),Synchronised,Uncategorised,Driver E (UK)
Synchronised V abd S datasets/Uncategorised IOVNB Dataset/S-Dataset/S-Vw11.csv,S-Vw11.csv,.csv,S-Dataset,131,964445,True,f0cc7a58c44f4f4a7fb0ffda50ec48d3a15e938f5185143a76c92e7197237d6b,Smartphone (S),Synchronised,Uncategorised,Driver E (UK)
Synchronised V abd S datasets/Uncategorised IOVNB Dataset/S-Dataset/S-Vw12.csv,S-Vw12.csv,.csv,S-Dataset,131,176321,True,f69e0f39ab555fe954d219f87d8d552770d10f4b86ec0a8c27716ef119faff16,Smartphone (S),Synchronised,Uncategorised,Driver E (UK)
Synchronised V abd S datasets/Uncategorised IOVNB Dataset/S-Dataset/S-Vw13.csv,S-Vw13.csv,.csv,S-Dataset,130,54886,True,7002b6e986b2366ab2f97252545fd33b50eb017e3dd0a3b38b6283797a0f9c80,Smartphone (S),Synchronised,Uncategorised,Driver E (UK)
Synchronised V abd S datasets/Uncategorised IOVNB Dataset/S-Dataset/S-Vw14a.csv,S-Vw14a.csv,.csv,S-Dataset,131,608561,True,ef28b592b6fc7ae1e9df258b90094ea26f3cd10d55ff4a687062d60f56e03e8d,Smartphone (S),Synchronised,Uncategorised,Driver E (UK)
Synchronised V abd S datasets/Uncategorised IOVNB Dataset/S-Dataset/S-Vw14b.csv,S-Vw14b.csv,.csv,S-Dataset,132,3869411,True,ce2195f70240c4cd5ac68eb75b68188e3cdf1296514a8bc28f135309c729ff32,Smartphone (S),Synchronised,Uncategorised,Driver E (UK)
Synchronised V abd S datasets/Uncategorised IOVNB Dataset/S-Dataset/S-Vw14c.csv,S-Vw14c.csv,.csv,S-Dataset,132,3129600,True,eb02eb04285257214a30d46465fae51bfc79c53f9677b4f26872f7531b5f7de3,Smartphone (S),Synchronised,Uncategorised,Driver E (UK)
Synchronised V abd S datasets/Uncategorised IOVNB Dataset/S-Dataset/S-Vw15.csv,S-Vw15.csv,.csv,S-Dataset,131,268621,True,6c4905e75b2296818c6338963144dd789b00ac25205e2ac8dfd10464fa40bbf7,Smartphone (S),Synchronised,Uncategorised,Driver E (UK)
Synchronised V abd S datasets/Uncategorised IOVNB Dataset/S-Dataset/S-Vw16a.csv,S-Vw16a.csv,.csv,S-Dataset,132,1152501,True,247747c811504a4fcc731a3e780389f7fc470eb9b84ad019a5683d22eb5c362c,Smartphone (S),Synchronised,Uncategorised,Driver E (UK)
Synchronised V abd S datasets/Uncategorised IOVNB Dataset/S-Dataset/S-Vw16b.csv,S-Vw16b.csv,.csv,S-Dataset,131,221088,True,744cdb2874f0c9c2b2e8f05da0348a8b8bee49bf4f54ced295385b077cd72aea,Smartphone (S),Synchronised,Uncategorised,Driver E (UK)
Synchronised V abd S datasets/Uncategorised IOVNB Dataset/S-Dataset/S-Vw17.csv,S-Vw17.csv,.csv,S-Dataset,130,65869,True,4c6ac7bab9c36765acaeb43975e455b13745e5ebd335aec38c495ca08f47d0b6,Smartphone (S),Synchronised,Uncategorised,Driver E (UK)
Synchronised V abd S datasets/Uncategorised IOVNB Dataset/S-Dataset/S-Vw2.csv,S-Vw2.csv,.csv,S-Dataset,132,9883167,True,cf055eb4817080037d4a7916e7895f363c854aad3503482500f1fbf11775e547,Smartphone (S),Synchronised,Uncategorised,Driver E (UK)
Synchronised V abd S datasets/Uncategorised IOVNB Dataset/S-Dataset/S-Vw3.csv,S-Vw3.csv,.csv,S-Dataset,131,754118,True,7a35c1dd571e00e2da76758145f1961f6e3ed9be04f91b9fbeb2676676862a37,Smartphone (S),Synchronised,Uncategorised,Driver E (UK)
Synchronised V abd S datasets/Uncategorised IOVNB Dataset/S-Dataset/S-Vw4.csv,S-Vw4.csv,.csv,S-Dataset,133,23607413,True,9b1df13544c192ace7df4087d64a0294b45952576e0d6532176b15819a70966b,Smartphone (S),Synchronised,Uncategorised,Driver E (UK)
Synchronised V abd S datasets/Uncategorised IOVNB Dataset/S-Dataset/S-Vw5.csv,S-Vw5.csv,.csv,S-Dataset,131,194565,True,2b150cccb61f2cc18f8d294ade513f790efece25dea3d3fd260aa75a3c709d6d,Smartphone (S),Synchronised,Uncategorised,Driver E (UK)
Synchronised V abd S datasets/Uncategorised IOVNB Dataset/S-Dataset/S-Vw6.csv,S-Vw6.csv,.csv,S-Dataset,131,246923,True,3acfdd4226a2190afe3e79865c731a0583ebda5edf9d0866b15c256a2a71e6ab,Smartphone (S),Synchronised,Uncategorised,Driver E (UK)
Synchronised V abd S datasets/Uncategorised IOVNB Dataset/S-Dataset/S-Vw7.csv,S-Vw7.csv,.csv,S-Dataset,131,313333,True,82783cbf1d9767a4a9bf4176dabbf8596983cc59ace82585c4ce2cd5ca665e4e,Smartphone (S),Synchronised,Uncategorised,Driver E (UK)
Synchronised V abd S datasets/Uncategorised IOVNB Dataset/S-Dataset/S-Vw8.csv,S-Vw8.csv,.csv,S-Dataset,131,297380,True,00e6ff8ff5075ffcf25e9504c545158cd89f7a43a6159496dc7c2d4afe4aa654,Smartphone (S),Synchronised,Uncategorised,Driver E (UK)
Synchronised V abd S datasets/Uncategorised IOVNB Dataset/S-Dataset/S-Vw9.csv,S-Vw9.csv,.csv,S-Dataset,131,106439,True,f1f7d4b0762586d40c23bcaa039f2742ab77a9c70ede381c3ec3e09ca660c14a,Smartphone (S),Synchronised,Uncategorised,Driver E (UK)
Synchronised V abd S datasets/Uncategorised IOVNB Dataset/S-Dataset/S-Y1.csv,S-Y1.csv,.csv,S-Dataset,133,13039538,True,2a1a582993bfcf54bb16b19d58182e3a4727cd5662a5f0044074ab5ff246fc3c,Smartphone (S),Synchronised,Uncategorised,Driver D (UK)
Synchronised V abd S datasets/Uncategorised IOVNB Dataset/V-Dataset/V-M.csv,V-M.csv,.csv,V-Dataset,133,22507823,True,ecf977cb798082d59ad1b03ce5631a61dbf525dfe484eb005ca630b5e95b86af,Vehicle (V),Synchronised,Uncategorised,Driver B (UK)
Synchronised V abd S datasets/Uncategorised IOVNB Dataset/V-Dataset/V-S1.csv,V-S1.csv,.csv,V-Dataset,133,10967129,True,29e92ed9bcb2d711e651246675c435b3f9499c040cfcad367624e8720c0dc891,Vehicle (V),Synchronised,Uncategorised,Driver A (UK)
Synchronised V abd S datasets/Uncategorised IOVNB Dataset/V-Dataset/V-S2.csv,V-S2.csv,.csv,V-Dataset,133,20091681,True,0514c4dd38fe24dd7e196ee206b880f4ccd984a255b80e6de984839bce40952c,Vehicle (V),Synchronised,Uncategorised,Driver A (UK)
Synchronised V abd S datasets/Uncategorised IOVNB Dataset/V-Dataset/V-S3a.csv,V-S3a.csv,.csv,V-Dataset,132,5286764,True,1cac1c8045c4f85423f01425881dd7e6814ae167100590c988a5ef141eb9e73f,Vehicle (V),Synchronised,Uncategorised,Driver A (UK)
Synchronised V abd S datasets/Uncategorised IOVNB Dataset/V-Dataset/V-S3b.csv,V-S3b.csv,.csv,V-Dataset,132,1464196,True,d44d29d46b7c46c574cdc90d5633cc90ac1b9cee57fb7f6b90d865aecc14ff64,Vehicle (V),Synchronised,Uncategorised,Driver A (UK)
Synchronised V abd S datasets/Uncategorised IOVNB Dataset/V-Dataset/V-S3c.csv,V-S3c.csv,.csv,V-Dataset,132,7976092,True,d7a98f02899d331265eb0b892e44d343892ad6ec9dcb1e90ce6c6f80b264c0f3,Vehicle (V),Synchronised,Uncategorised,Driver A (UK)
Synchronised V abd S datasets/Uncategorised IOVNB Dataset/V-Dataset/V-S4.csv,V-S4.csv,.csv,V-Dataset,133,20164189,True,8a83103ce0f0b03ffc5adc772193c6738d1df3ac8f0fb4bab055597ac5bcd2c2,Vehicle (V),Synchronised,Uncategorised,Driver A (UK)
Synchronised V abd S datasets/Uncategorised IOVNB Dataset/V-Dataset/V-Vfa01.csv,V-Vfa01.csv,.csv,V-Dataset,132,2398099,True,81ad22765340419e1ea88e69e2a92dc38c260f244c5aeb951c88fb668908ad37,Vehicle (V),Synchronised,Uncategorised,Driver E (UK)
Synchronised V abd S datasets/Uncategorised IOVNB Dataset/V-Dataset/V-Vfa02.csv,V-Vfa02.csv,.csv,V-Dataset,133,13955001,True,bce837348c306ba343b36f2d44878f0ac1e68ada3c2852bba50056749f40ca7d,Vehicle (V),Synchronised,Uncategorised,Driver E (UK)
Synchronised V abd S datasets/Uncategorised IOVNB Dataset/V-Dataset/V-vta10.csv,V-vta10.csv,.csv,V-Dataset,131,317921,True,6f9911ce3037bf56e8c56b52dd5a87aa70088fe645daed359a5e69578a319834,Vehicle (V),Synchronised,Uncategorised,Driver E (UK)
Synchronised V abd S datasets/Uncategorised IOVNB Dataset/V-Dataset/V-vta11.csv,V-vta11.csv,.csv,V-Dataset,131,111690,True,e9d6bf8959e32ea8ab098741a11de015d64d00c1a326c3c175916d5b678a7083,Vehicle (V),Synchronised,Uncategorised,Driver E (UK)
Synchronised V abd S datasets/Uncategorised IOVNB Dataset/V-Dataset/V-vta12.csv,V-vta12.csv,.csv,V-Dataset,131,128904,True,21c4f30690769a052de0f97125d4c0e455e7fc527bd8d3e98e34e8bfb2bee81b,Vehicle (V),Synchronised,Uncategorised,Driver E (UK)
Synchronised V abd S datasets/Uncategorised IOVNB Dataset/V-Dataset/V-vta13.csv,V-vta13.csv,.csv,V-Dataset,130,86963,True,398df644de6920ef827742a99166cf05c5728f4dddf1379b993123c62419677b,Vehicle (V),Synchronised,Uncategorised,Driver E (UK)
Synchronised V abd S datasets/Uncategorised IOVNB Dataset/V-Dataset/V-vta14.csv,V-vta14.csv,.csv,V-Dataset,131,612352,True,ddd26e084b97fe661ae6e783efbdbc5f45add9e5288cf7800370577ff2bc2b08,Vehicle (V),Synchronised,Uncategorised,Driver E (UK)
Synchronised V abd S datasets/Uncategorised IOVNB Dataset/V-Dataset/V-vta15.csv,V-vta15.csv,.csv,V-Dataset,131,175132,True,313565b6b7a44f7e80939527063b87519c0f5bc1937fa84683585e4287076100,Vehicle (V),Synchronised,Uncategorised,Driver E (UK)
Synchronised V abd S datasets/Uncategorised IOVNB Dataset/V-Dataset/V-vta16.csv,V-vta16.csv,.csv,V-Dataset,132,2410634,True,07cc3f87b51c3e68cdf517cb296e68bf0d17f49230baa724bbe96736af2c9da3,Vehicle (V),Synchronised,Uncategorised,Driver E (UK)
Synchronised V abd S datasets/Uncategorised IOVNB Dataset/V-Dataset/V-vta17.csv,V-vta17.csv,.csv,V-Dataset,131,972437,True,21dbfe17ff301ac645e0a2be39fd45d9da758d087ccf9e95875b90225a193781,Vehicle (V),Synchronised,Uncategorised,Driver E (UK)
Synchronised V abd S datasets/Uncategorised IOVNB Dataset/V-Dataset/V-vta19.csv,V-vta19.csv,.csv,V-Dataset,130,61675,True,e5e7fb443b7a92a20ca13cae51d51a73330edda63786f1f7fb37b27aa45d80bc,Vehicle (V),Synchronised,Uncategorised,Driver E (UK)
Synchronised V abd S datasets/Uncategorised IOVNB Dataset/V-Dataset/V-Vta1a.csv,V-Vta1a.csv,.csv,V-Dataset,132,5444513,True,9522a6f43094ef5de4cfad4bb48a7805c8f470eee3b481564f5cacef28e2afec,Vehicle (V),Synchronised,Uncategorised,Driver E (UK)
Synchronised V abd S datasets/Uncategorised IOVNB Dataset/V-Dataset/V-Vta1b.csv,V-Vta1b.csv,.csv,V-Dataset,131,205277,True,35b4e74bd1597d9f82895c3451dbe71a2d4084a3718cbdf8ea7fbb04f206db94,Vehicle (V),Synchronised,Uncategorised,Driver E (UK)
Synchronised V abd S datasets/Uncategorised IOVNB Dataset/V-Dataset/V-vta2.csv,V-vta2.csv,.csv,V-Dataset,132,2307461,True,e7d255100464c70212aa0129e558b7a48d59d606041c8ce2e160e881f9b151e2,Vehicle (V),Synchronised,Uncategorised,Driver E (UK)
Synchronised V abd S datasets/Uncategorised IOVNB Dataset/V-Dataset/V-vta20.csv,V-vta20.csv,.csv,V-Dataset,131,596090,True,a5e1f1e6afba77c64cc0a16f389d859f75ea22196cdfca82a523e148c0eafd93,Vehicle (V),Synchronised,Uncategorised,Driver E (UK)
Synchronised V abd S datasets/Uncategorised IOVNB Dataset/V-Dataset/V-vta21.csv,V-vta21.csv,.csv,V-Dataset,131,450180,True,82687cefc4799459174ad6f7411fdea28250146d29144ed210c4188aad0999f4,Vehicle (V),Synchronised,Uncategorised,Driver E (UK)
Synchronised V abd S datasets/Uncategorised IOVNB Dataset/V-Dataset/V-vta22.csv,V-vta22.csv,.csv,V-Dataset,131,338739,True,ddd4bb7ffd3aaf080e55c61c4ea5f92388b255fb65405188fa0932cc0dcfcf5c,Vehicle (V),Synchronised,Uncategorised,Driver E (UK)
Synchronised V abd S datasets/Uncategorised IOVNB Dataset/V-Dataset/V-vta23.csv,V-vta23.csv,.csv,V-Dataset,131,242444,True,8b3508e408d88064cea06fe861879d79c92e368abf43706b87b7cce9ace42d8d,Vehicle (V),Synchronised,Uncategorised,Driver E (UK)
Synchronised V abd S datasets/Uncategorised IOVNB Dataset/V-Dataset/V-vta24.csv,V-vta24.csv,.csv,V-Dataset,131,250448,True,db3726bc5e11c73f1623ff74da229726d014e04a4dbf5ded403906f23ed8f3e5,Vehicle (V),Synchronised,Uncategorised,Driver E (UK)
Synchronised V abd S datasets/Uncategorised IOVNB Dataset/V-Dataset/V-vta25.csv,V-vta25.csv,.csv,V-Dataset,131,135915,True,4241b50add001a19bab00fa0e165b88fd2280f74fcbae46539c6f8bcc893f79a,Vehicle (V),Synchronised,Uncategorised,Driver E (UK)
Synchronised V abd S datasets/Uncategorised IOVNB Dataset/V-Dataset/V-vta26.csv,V-vta26.csv,.csv,V-Dataset,131,401896,True,e1067b6fd8561c4fd7b851f387c6a43df2c6fcd088f0552a321db210a4d05e09,Vehicle (V),Synchronised,Uncategorised,Driver E (UK)
Synchronised V abd S datasets/Uncategorised IOVNB Dataset/V-Dataset/V-vta27.csv,V-vta27.csv,.csv,V-Dataset,131,550395,True,766e63d6975426dcee66bb9b100daf6291240da1d65b4b1db851d4fd40e334c7,Vehicle (V),Synchronised,Uncategorised,Driver E (UK)
Synchronised V abd S datasets/Uncategorised IOVNB Dataset/V-Dataset/V-vta28.csv,V-vta28.csv,.csv,V-Dataset,131,901238,True,4778fd71aeb0165a77de1f0abb3a3ecad5b756993e5ec64a24fc025b02c315d2,Vehicle (V),Synchronised,Uncategorised,Driver E (UK)
Synchronised V abd S datasets/Uncategorised IOVNB Dataset/V-Dataset/V-vta29.csv,V-vta29.csv,.csv,V-Dataset,132,5117097,True,6c6fbb29e6400817be84ecf2370d98025cfff9debf2f2e73c3ddaa3a9560dd1d,Vehicle (V),Synchronised,Uncategorised,Driver E (UK)
Synchronised V abd S datasets/Uncategorised IOVNB Dataset/V-Dataset/V-vta3.csv,V-vta3.csv,.csv,V-Dataset,131,137891,True,ef8bf81fdf5df786006e5805dbe09c29c71447cd274991bf47371c28c0f3c19f,Vehicle (V),Synchronised,Uncategorised,Driver E (UK)
Synchronised V abd S datasets/Uncategorised IOVNB Dataset/V-Dataset/V-vta30.csv,V-vta30.csv,.csv,V-Dataset,132,3628928,True,d73b5ac746240670e9a420fa38bf910eacef4e7eb6a85e4c86c76abcae33fec1,Vehicle (V),Synchronised,Uncategorised,Driver E (UK)
Synchronised V abd S datasets/Uncategorised IOVNB Dataset/V-Dataset/V-vta4.csv,V-vta4.csv,.csv,V-Dataset,131,380874,True,71acb4e5c50919df05f1f56a0192d392793e9b10e66bbf6a101b6314ee398c33,Vehicle (V),Synchronised,Uncategorised,Driver E (UK)
Synchronised V abd S datasets/Uncategorised IOVNB Dataset/V-Dataset/V-vta5.csv,V-vta5.csv,.csv,V-Dataset,130,66401,True,6819d97f1291b377496982e51f5ba2178a083edaf8664b9258ead5e1151d33a2,Vehicle (V),Synchronised,Uncategorised,Driver E (UK)
Synchronised V abd S datasets/Uncategorised IOVNB Dataset/V-Dataset/V-vta6.csv,V-vta6.csv,.csv,V-Dataset,131,289249,True,728629ca2a30457e7909e79c6a50040a1337274b7ada2003b2863e62a40c547a,Vehicle (V),Synchronised,Uncategorised,Driver E (UK)
Synchronised V abd S datasets/Uncategorised IOVNB Dataset/V-Dataset/V-vta7.csv,V-vta7.csv,.csv,V-Dataset,131,179784,True,031765759d3336fa67fd8c6b98fdfb3a5786d284a5626734375ec61fe8f63e4d,Vehicle (V),Synchronised,Uncategorised,Driver E (UK)
Synchronised V abd S datasets/Uncategorised IOVNB Dataset/V-Dataset/V-vta8.csv,V-vta8.csv,.csv,V-Dataset,131,753939,True,93cef7816fb58c250c87bfa3dc02bce8a3a3c211ba08ee72b4a9d4dddf00d481,Vehicle (V),Synchronised,Uncategorised,Driver E (UK)
Synchronised V abd S datasets/Uncategorised IOVNB Dataset/V-Dataset/V-vta9.csv,V-vta9.csv,.csv,V-Dataset,130,33110,True,4f662af06a2ab067efc4741a2b39f478f59e802f763b7bce5d376f420d9de63b,Vehicle (V),Synchronised,Uncategorised,Driver E (UK)
Synchronised V abd S datasets/Uncategorised IOVNB Dataset/V-Dataset/V-vtb1.csv,V-vtb1.csv,.csv,V-Dataset,132,6989783,True,8ab039c67c83f62ed1abad0e74c1a92886584e16a67951771fcf9d55cf3d999a,Vehicle (V),Synchronised,Uncategorised,Driver E (UK)
Synchronised V abd S datasets/Uncategorised IOVNB Dataset/V-Dataset/V-vtb10.csv,V-vtb10.csv,.csv,V-Dataset,130,42725,True,5b0fe6e9f967fe9e9615defbf3674f9e8843747b6658867e8fee452e17a58d88,Vehicle (V),Synchronised,Uncategorised,Driver E (UK)
Synchronised V abd S datasets/Uncategorised IOVNB Dataset/V-Dataset/V-vtb11.csv,V-vtb11.csv,.csv,V-Dataset,130,74838,True,e611eb46d62fb695e3b4e64943a50102a770d818b6e0f5a93b021d8eb2d13c71,Vehicle (V),Synchronised,Uncategorised,Driver E (UK)
Synchronised V abd S datasets/Uncategorised IOVNB Dataset/V-Dataset/V-vtb12.csv,V-vtb12.csv,.csv,V-Dataset,130,94747,True,dad39fa7ff152dc13ab8e7d903047bcfdb7882c8fe03b7c0f8f12eef07cbc115,Vehicle (V),Synchronised,Uncategorised,Driver E (UK)
Synchronised V abd S datasets/Uncategorised IOVNB Dataset/V-Dataset/V-vtb2.csv,V-vtb2.csv,.csv,V-Dataset,132,1200565,True,4a194e6885091663a1df0f3572f8f42118bca278e39680912ce1aa3d4995ee83,Vehicle (V),Synchronised,Uncategorised,Driver E (UK)
Synchronised V abd S datasets/Uncategorised IOVNB Dataset/V-Dataset/V-vtb3.csv,V-vtb3.csv,.csv,V-Dataset,132,1739502,True,17e9cc28a2a6b29038bb969725a96d8f46d514694d7b57686fa4ff0e2118577d,Vehicle (V),Synchronised,Uncategorised,Driver E (UK)
Synchronised V abd S datasets/Uncategorised IOVNB Dataset/V-Dataset/V-vtb4.csv,V-vtb4.csv,.csv,V-Dataset,131,118374,True,b5aac0532f3eb63843807d10c6130b6c0b39f94c844acd3027ddb2f200b0be6b,Vehicle (V),Synchronised,Uncategorised,Driver E (UK)
Synchronised V abd S datasets/Uncategorised IOVNB Dataset/V-Dataset/V-vtb5.csv,V-vtb5.csv,.csv,V-Dataset,133,13567208,True,a4aac15f70c4555ee69c2898b1254d25a815afa56cdb3e93f592819475272000,Vehicle (V),Synchronised,Uncategorised,Driver E (UK)
Synchronised V abd S datasets/Uncategorised IOVNB Dataset/V-Dataset/V-vtb6.csv,V-vtb6.csv,.csv,V-Dataset,131,105659,True,3f55326e614a377761a52e9ef1bc09e23653f0d37029679f4c171cacf364cfa3,Vehicle (V),Synchronised,Uncategorised,Driver E (UK)
Synchronised V abd S datasets/Uncategorised IOVNB Dataset/V-Dataset/V-vtb7.csv,V-vtb7.csv,.csv,V-Dataset,131,101086,True,d2a5d2206394b29e775ffa7a240d49770c49168a898d78e0f87e8426dc6f2f32,Vehicle (V),Synchronised,Uncategorised,Driver E (UK)
Synchronised V abd S datasets/Uncategorised IOVNB Dataset/V-Dataset/V-vtb8.csv,V-vtb8.csv,.csv,V-Dataset,131,138162,True,0f11eea4a2c183a7bae05c0cc6f795d4344c2bbf621010129de8584747db93b2,Vehicle (V),Synchronised,Uncategorised,Driver E (UK)
Synchronised V abd S datasets/Uncategorised IOVNB Dataset/V-Dataset/V-vtb9.csv,V-vtb9.csv,.csv,V-Dataset,130,93354,True,ce69ae88e13086a35f6c21ed468959f79084a8e833e60ef886c303ce76297318,Vehicle (V),Synchronised,Uncategorised,Driver E (UK)
Synchronised V abd S datasets/Uncategorised IOVNB Dataset/V-Dataset/V-Vw1.csv,V-Vw1.csv,.csv,V-Dataset,132,4001856,True,125a3ab348bca6b5d9fb2d52b7ba1f27d4a31f03b7b60b16ef778f7935bb4380,Vehicle (V),Synchronised,Uncategorised,Driver E (UK)
Synchronised V abd S datasets/Uncategorised IOVNB Dataset/V-Dataset/V-Vw10.csv,V-Vw10.csv,.csv,V-Dataset,131,141457,True,acec110be8eb7ef43784d195d1bd55e44ac13833ab258b8d7ab696e18ac6b5bd,Vehicle (V),Synchronised,Uncategorised,Driver E (UK)
Synchronised V abd S datasets/Uncategorised IOVNB Dataset/V-Dataset/V-Vw11.csv,V-Vw11.csv,.csv,V-Dataset,132,1032515,True,5e50658cbdd33fc9dfc0dd462a68996ab31cd6b584b67e6713d4f3d3bf04d455,Vehicle (V),Synchronised,Uncategorised,Driver E (UK)
Synchronised V abd S datasets/Uncategorised IOVNB Dataset/V-Dataset/V-Vw12.csv,V-Vw12.csv,.csv,V-Dataset,131,188273,True,f474667235581e514d44f371cc81039aacc6c0604669f552f127bdb8c60e370b,Vehicle (V),Synchronised,Uncategorised,Driver E (UK)
Synchronised V abd S datasets/Uncategorised IOVNB Dataset/V-Dataset/V-Vw13.csv,V-Vw13.csv,.csv,V-Dataset,130,59207,True,2b5e7012d2fce26807d48ce46effd70d217574516c6fb77467beffde7f97e767,Vehicle (V),Synchronised,Uncategorised,Driver E (UK)
Synchronised V abd S datasets/Uncategorised IOVNB Dataset/V-Dataset/V-Vw14a.csv,V-Vw14a.csv,.csv,V-Dataset,131,651054,True,442bef4ccc4464f0a0a31a332ea9c71e5e14baf7b50080c647e6fa6f7ddb5dbf,Vehicle (V),Synchronised,Uncategorised,Driver E (UK)
Synchronised V abd S datasets/Uncategorised IOVNB Dataset/V-Dataset/V-Vw14b.csv,V-Vw14b.csv,.csv,V-Dataset,132,4120915,True,ee81d26af18170ab6473f2f51bc6f8221be5b7fb233829c537d680b4ba2fa199,Vehicle (V),Synchronised,Uncategorised,Driver E (UK)
Synchronised V abd S datasets/Uncategorised IOVNB Dataset/V-Dataset/V-Vw14c.csv,V-Vw14c.csv,.csv,V-Dataset,132,3363425,True,1b3b6d1e2e4d7c89cbe66f7888534cee2d13bf1287d52432a995b7cad8a82c7f,Vehicle (V),Synchronised,Uncategorised,Driver E (UK)
Synchronised V abd S datasets/Uncategorised IOVNB Dataset/V-Dataset/V-Vw15.csv,V-Vw15.csv,.csv,V-Dataset,131,263885,True,bd65ae3932fc1b6ec64d0347c34bfa66bf3ff8ef276f8aff31c546e0bac2684f,Vehicle (V),Synchronised,Uncategorised,Driver E (UK)
Synchronised V abd S datasets/Uncategorised IOVNB Dataset/V-Dataset/V-Vw16a.csv,V-Vw16a.csv,.csv,V-Dataset,132,1241037,True,0b92aa13c01d1436e10a3b3272a8649e6639630f72d3e2b3c618ae2957a97989,Vehicle (V),Synchronised,Uncategorised,Driver E (UK)
Synchronised V abd S datasets/Uncategorised IOVNB Dataset/V-Dataset/V-Vw16b.csv,V-Vw16b.csv,.csv,V-Dataset,131,239979,True,1e81b217eaf6c2340aafbbc122ad738d876013366737437155a4e722eb6fd8ed,Vehicle (V),Synchronised,Uncategorised,Driver E (UK)
Synchronised V abd S datasets/Uncategorised IOVNB Dataset/V-Dataset/V-Vw17.csv,V-Vw17.csv,.csv,V-Dataset,130,71065,True,62ab9ddd16621eb70afaeec7237ae7b31499ae5df9e9d57324fc07fe648a48ee,Vehicle (V),Synchronised,Uncategorised,Driver E (UK)
Synchronised V abd S datasets/Uncategorised IOVNB Dataset/V-Dataset/V-Vw2.csv,V-Vw2.csv,.csv,V-Dataset,133,11341576,True,6aeca8956af02a64051042fa4b807e858691ea36b0c5a6642f78a33d5af113db,Vehicle (V),Synchronised,Uncategorised,Driver E (UK)
Synchronised V abd S datasets/Uncategorised IOVNB Dataset/V-Dataset/V-Vw3.csv,V-Vw3.csv,.csv,V-Dataset,131,839545,True,b89ca7c566b668ab0f4c16eda1343f9e0527a31bf6c603212e146ba84928dd6f,Vehicle (V),Synchronised,Uncategorised,Driver E (UK)
Synchronised V abd S datasets/Uncategorised IOVNB Dataset/V-Dataset/V-Vw4.csv,V-Vw4.csv,.csv,V-Dataset,133,27124526,True,db9ba7d930842b5f15543c71c1b350f52bef0fe0c27653279d3c35cffb331556,Vehicle (V),Synchronised,Uncategorised,Driver E (UK)
Synchronised V abd S datasets/Uncategorised IOVNB Dataset/V-Dataset/V-Vw5.csv,V-Vw5.csv,.csv,V-Dataset,131,216316,True,a9972e12e8ea995a1387b768f625d1cf85444916bff03d0b50d2b133ee97116f,Vehicle (V),Synchronised,Uncategorised,Driver E (UK)
Synchronised V abd S datasets/Uncategorised IOVNB Dataset/V-Dataset/V-Vw6.csv,V-Vw6.csv,.csv,V-Dataset,131,278191,True,2399eafd439216c38749ebc2b2751251f22dd4e3c46b7bce8c42d23b50e485cb,Vehicle (V),Synchronised,Uncategorised,Driver E (UK)
Synchronised V abd S datasets/Uncategorised IOVNB Dataset/V-Dataset/V-Vw7.csv,V-Vw7.csv,.csv,V-Dataset,131,346895,True,3ba9d21d1532b4e15dc41ed9e4baa996e1ccf7b447f2fc41ee44564a5dd1f5ef,Vehicle (V),Synchronised,Uncategorised,Driver E (UK)
Synchronised V abd S datasets/Uncategorised IOVNB Dataset/V-Dataset/V-Vw8.csv,V-Vw8.csv,.csv,V-Dataset,131,332609,True,0b08f02c7568c47b79ae137f9811b6bead3d1550e60a0be496f7430b0fbb49de,Vehicle (V),Synchronised,Uncategorised,Driver E (UK)
Synchronised V abd S datasets/Uncategorised IOVNB Dataset/V-Dataset/V-Vw9.csv,V-Vw9.csv,.csv,V-Dataset,131,121383,True,ec3f3b288fe0793b17db003d0b9e1f6a0d6ec594b017ac2251a438df4743dfe7,Vehicle (V),Synchronised,Uncategorised,Driver E (UK)
Synchronised V abd S datasets/Uncategorised IOVNB Dataset/V-Dataset/V-Y1.csv,V-Y1.csv,.csv,V-Dataset,133,14986075,True,505749fb081d5a2b0d5e8eeee5865173071feda5a004ffff044560c0a1e16605,Vehicle (V),Synchronised,Uncategorised,Driver D (UK)
Unsynchronised V and S Dataset/Categorised IOVNB (V) Dataset/V Dataset/M (Driver B)/V-M.csv,V-M.csv,.csv,M (Driver B),133,21659868,True,b7d62314fbcf376310f503e6dc664e0672d095926523297b5a539a7b29a9cad0,Vehicle (V),Synchronised,Categorised,Driver B
Unsynchronised V and S Dataset/Categorised IOVNB (V) Dataset/V Dataset/M (Driver B)/V-M.JPG,V-M.JPG,.jpg,M (Driver B),131,132217,True,9654ce6484645ede198ab084f03365fd85b95ce1f85a04db2bf8dd7ce1d61631,Vehicle (V),Synchronised,Categorised,Driver B
Unsynchronised V and S Dataset/Categorised IOVNB (V) Dataset/V Dataset/S (Driver A)/S1/V-S1.csv,V-S1.csv,.csv,S1,133,10505959,True,2e086e38c5d1787fcb67500bf34e2097a4e6708ce9479018f00bdf5cb119552e,Vehicle (V),Synchronised,Categorised,Driver A
Unsynchronised V and S Dataset/Categorised IOVNB (V) Dataset/V Dataset/S (Driver A)/S1/V-S1.JPG,V-S1.JPG,.jpg,S1,131,207995,True,e7bd2cd20ff124848edb10967bb46c5a00735c394ccf9710eeb29a78130bc9d4,Vehicle (V),Synchronised,Categorised,Driver A
Unsynchronised V and S Dataset/Categorised IOVNB (V) Dataset/V Dataset/S (Driver A)/S2/V-S2.csv,V-S2.csv,.csv,S2,133,19297256,True,fe19bd930b9503304fd9ca807501b39170ddba6c828edb09caa9d19acc70a88f,Vehicle (V),Synchronised,Categorised,Driver A
Unsynchronised V and S Dataset/Categorised IOVNB (V) Dataset/V Dataset/S (Driver A)/S2/V-S2.JPG,V-S2.JPG,.jpg,S2,131,133093,True,a5bd0303dd401c58bdf8d0f737a059ebba8cfea4bdd34972e91ea29df1615a82,Vehicle (V),Synchronised,Categorised,Driver A
Unsynchronised V and S Dataset/Categorised IOVNB (V) Dataset/V Dataset/S (Driver A)/S3a/V-S3a.csv,V-S3a.csv,.csv,S3a,132,5089354,True,aff9b34045c90e930b8c759770d435df4f136f97ce532593829c57e112277600,Vehicle (V),Synchronised,Categorised,Driver A
Unsynchronised V and S Dataset/Categorised IOVNB (V) Dataset/V Dataset/S (Driver A)/S3a/V-S3a.JPG,V-S3a.JPG,.jpg,S3a,131,169114,True,25b92cbc0a2f716ac2795f9243c262e13ccdd739ee1fde34219c8f8c4a26550c,Vehicle (V),Synchronised,Categorised,Driver A
Unsynchronised V and S Dataset/Categorised IOVNB (V) Dataset/V Dataset/S (Driver A)/S3b/V-S3b.csv,V-S3b.csv,.csv,S3b,132,1410120,True,a644af9c4f30e17743bbf4f0ee75652cb003ca4369dfa4f9f1452d1ca3ffe389,Vehicle (V),Synchronised,Categorised,Driver A
Unsynchronised V and S Dataset/Categorised IOVNB (V) Dataset/V Dataset/S (Driver A)/S3b/V-S3b.JPG,V-S3b.JPG,.jpg,S3b,131,132557,True,45cc5c1211c04ed19fa2a22003acdbe7d6fc93869282ca3e64e443434830d941,Vehicle (V),Synchronised,Categorised,Driver A
Unsynchronised V and S Dataset/Categorised IOVNB (V) Dataset/V Dataset/S (Driver A)/S3c/V-S3c.csv,V-S3c.csv,.csv,S3c,132,7687239,True,9a4ff741b9581eb24797aff592479f3ce821f1272c91e7e23a30c8cb81d1e918,Vehicle (V),Synchronised,Categorised,Driver A
Unsynchronised V and S Dataset/Categorised IOVNB (V) Dataset/V Dataset/S (Driver A)/S3c/V-S3c.JPG,V-S3c.JPG,.jpg,S3c,131,141869,True,f9b05435d290234363898d329b506da88a8dd112f970a7843e97dced8aa70627,Vehicle (V),Synchronised,Categorised,Driver A
Unsynchronised V and S Dataset/Categorised IOVNB (V) Dataset/V Dataset/S (Driver A)/S4/V-S4.csv,V-S4.csv,.csv,S4,133,19863006,True,8bea1d9748bc5e3237c1aa512692f79ba4e5eb52b1defe1f88b13bf851886538,Vehicle (V),Synchronised,Categorised,Driver A
Unsynchronised V and S Dataset/Categorised IOVNB (V) Dataset/V Dataset/S (Driver A)/S4/V-S4.JPG,V-S4.JPG,.jpg,S4,131,123854,True,d1670bd20bf0386131436cb4ffd3d24912653ccf68034136a561a77ab8bfa90d,Vehicle (V),Synchronised,Categorised,Driver A
Unsynchronised V and S Dataset/Categorised IOVNB (V) Dataset/V Dataset/St (Driver C)/St1/V-St1.csv,V-St1.csv,.csv,St1,133,11545416,True,d386dd533a38e6a8e053788f274c619b3a2bcd097daa0983144b491573ca9237,Vehicle (V),Synchronised,Categorised,Driver C
Unsynchronised V and S Dataset/Categorised IOVNB (V) Dataset/V Dataset/St (Driver C)/St1/V-St1.JPG,V-St1.JPG,.jpg,St1,131,194298,True,7bc2e7ad1872398db7c22851491f50c0da8db4921c909e5057ede88c8db0f793,Vehicle (V),Synchronised,Categorised,Driver C
Unsynchronised V and S Dataset/Categorised IOVNB (V) Dataset/V Dataset/St (Driver C)/St4/V-St4.csv,V-St4.csv,.csv,St4,132,2794203,True,8d1849f9a61a7612e70c4326d747ddd4a6c41a33ad812eb68e42f8d6b2934e6d,Vehicle (V),Synchronised,Categorised,Driver C
Unsynchronised V and S Dataset/Categorised IOVNB (V) Dataset/V Dataset/St (Driver C)/St4/V-St4.JPG,V-St4.JPG,.jpg,St4,131,136825,True,5ed0b7a76d88dd7616b13de5b59477d1fcade433ab1d1739eab49f6819eb601e,Vehicle (V),Synchronised,Categorised,Driver C
Unsynchronised V and S Dataset/Categorised IOVNB (V) Dataset/V Dataset/St (Driver C)/St6/V-St6.csv,V-St6.csv,.csv,St6,133,10437990,True,a1e027d958baca7a2a12cbf927f4998e26d635f3e1ad211bb13db7927b3e227c,Vehicle (V),Synchronised,Categorised,Driver C
Unsynchronised V and S Dataset/Categorised IOVNB (V) Dataset/V Dataset/St (Driver C)/St6/V-St6.JPG,V-St6.JPG,.jpg,St6,130,60353,True,f340a2fa3b7684e85720a5dc46c6599b06c013f61e4f378fd4879678676dfa81,Vehicle (V),Synchronised,Categorised,Driver C
Unsynchronised V and S Dataset/Categorised IOVNB (V) Dataset/V Dataset/St (Driver C)/St7/V-St7.csv,V-St7.csv,.csv,St7,132,8944996,True,dff3ac18f9f2056275868af8caada86ea8c903c48c3b35d207bb808602aba88f,Vehicle (V),Synchronised,Categorised,Driver C
Unsynchronised V and S Dataset/Categorised IOVNB (V) Dataset/V Dataset/St (Driver C)/St7/V-St7.JPG,V-St7.JPG,.jpg,St7,131,112361,True,b4a6746ba47bf56b3c3448f7f84da767d57825093c25fdd4e51ca94bd3558a42,Vehicle (V),Synchronised,Categorised,Driver C
Unsynchronised V and S Dataset/Categorised IOVNB (V) Dataset/V Dataset/Vf (Driver E)/Data Checker Table 2.py,Data Checker Table 2.py,.py,Vf (Driver E),13013,13013,False,,Other / Metadata,Synchronised,Categorised,Driver E
Unsynchronised V and S Dataset/Categorised IOVNB (V) Dataset/V Dataset/Vf (Driver E)/V-Vfa01/V-Vfa01.csv,V-Vfa01.csv,.csv,V-Vfa01,132,2398099,True,81ad22765340419e1ea88e69e2a92dc38c260f244c5aeb951c88fb668908ad37,Vehicle (V),Synchronised,Categorised,Driver E
Unsynchronised V and S Dataset/Categorised IOVNB (V) Dataset/V Dataset/Vf (Driver E)/V-Vfa01/V-Vfa01.JPG,V-Vfa01.JPG,.jpg,V-Vfa01,131,103673,True,d97bcb10faded835be53a11f5d39012ecf1f2060c56cc0f145a262a01ea5a090,Vehicle (V),Synchronised,Categorised,Driver E
Unsynchronised V and S Dataset/Categorised IOVNB (V) Dataset/V Dataset/Vf (Driver E)/V-Vfa02/V-Vfa02.csv,V-Vfa02.csv,.csv,V-Vfa02,133,13955001,True,bce837348c306ba343b36f2d44878f0ac1e68ada3c2852bba50056749f40ca7d,Vehicle (V),Synchronised,Categorised,Driver E
Unsynchronised V and S Dataset/Categorised IOVNB (V) Dataset/V Dataset/Vf (Driver E)/V-Vfa02/V-Vfa02.JPG,V-Vfa02.JPG,.jpg,V-Vfa02,131,103932,True,26b178fa586994c93be8f47e22df2babd44145748c5a06ecc318077857827c48,Vehicle (V),Synchronised,Categorised,Driver E
Unsynchronised V and S Dataset/Categorised IOVNB (V) Dataset/V Dataset/Vf (Driver E)/V-Vfb01a/V-Vfb01a.csv,V-Vfb01a.csv,.csv,V-Vfb01a,132,3363089,True,38a385d3fe81076bd82ef911f674ec34bc8954159397361614db1386f2abfdee,Vehicle (V),Synchronised,Categorised,Driver E
Unsynchronised V and S Dataset/Categorised IOVNB (V) Dataset/V Dataset/Vf (Driver E)/V-Vfb01a/V-Vfb01a.JPG,V-Vfb01a.JPG,.jpg,V-Vfb01a,131,135657,True,4a9c93b73da8db1b2a9d0388ec8184be1eafcc490b2bc2cd78e0cf24e27266c1,Vehicle (V),Synchronised,Categorised,Driver E
Unsynchronised V and S Dataset/Categorised IOVNB (V) Dataset/V Dataset/Vf (Driver E)/V-Vfb01b/V-Vfb01b.csv,V-Vfb01b.csv,.csv,V-Vfb01b,131,795266,True,eef2a336860a2a4a467ea7a76407b66ed602f0b8779dfa19a2be8ef16ef00ae7,Vehicle (V),Synchronised,Categorised,Driver E
Unsynchronised V and S Dataset/Categorised IOVNB (V) Dataset/V Dataset/Vf (Driver E)/V-Vfb01b/V-Vfb01b.JPG,V-Vfb01b.JPG,.jpg,V-Vfb01b,131,110745,True,4ca9c7ca7c52e0f63b308f1ef385a65779db553ca626233733aa6d52ca4e9803,Vehicle (V),Synchronised,Categorised,Driver E
Unsynchronised V and S Dataset/Categorised IOVNB (V) Dataset/V Dataset/Vf (Driver E)/V-Vfb01c/V-Vfb01c.csv,V-Vfb01c.csv,.csv,V-Vfb01c,132,1280169,True,25cb9562fd74e86e18c8d04aee38d6c8f65c3b4ce1bb1de8226aa22e0af08718,Vehicle (V),Synchronised,Categorised,Driver E
Unsynchronised V and S Dataset/Categorised IOVNB (V) Dataset/V Dataset/Vf (Driver E)/V-Vfb01c/V-Vfb01c.JPG,V-Vfb01c.JPG,.jpg,V-Vfb01c,131,166245,True,f66d928a845b1a7702e8ab5bfaa5554e3799eaa41387f6c249d56deaeb62f70b,Vehicle (V),Synchronised,Categorised,Driver E
Unsynchronised V and S Dataset/Categorised IOVNB (V) Dataset/V Dataset/Vf (Driver E)/V-Vfb01d/V-Vfb01d.csv,V-Vfb01d.csv,.csv,V-Vfb01d,132,2123447,True,b41878109b774666af1698b374c2273f3c0c9092888522ac8fadaf10f3b70160,Vehicle (V),Synchronised,Categorised,Driver E
Unsynchronised V and S Dataset/Categorised IOVNB (V) Dataset/V Dataset/Vf (Driver E)/V-Vfb01d/V-Vfb01d.JPG,V-Vfb01d.JPG,.jpg,V-Vfb01d,131,170985,True,1803153de442a898736f2bd9352fc92cd1f14acffe1c811b6e3928fc4671b251,Vehicle (V),Synchronised,Categorised,Driver E
Unsynchronised V and S Dataset/Categorised IOVNB (V) Dataset/V Dataset/Vf (Driver E)/V-Vfb02a/V-Vfb02a.csv,V-Vfb02a.csv,.csv,V-Vfb02a,132,7418599,True,ac664839bde2f1519a0a39acf261c819066cff48409cdf12cabe3c562b8bfa30,Vehicle (V),Synchronised,Categorised,Driver E
Unsynchronised V and S Dataset/Categorised IOVNB (V) Dataset/V Dataset/Vf (Driver E)/V-Vfb02a/V-Vfb02a.JPG,V-Vfb02a.JPG,.jpg,V-Vfb02a,131,106655,True,f4d2908baab03338fa65286344628f82df881630242ab02befeb83c7f3704d8c,Vehicle (V),Synchronised,Categorised,Driver E
Unsynchronised V and S Dataset/Categorised IOVNB (V) Dataset/V Dataset/Vf (Driver E)/V-Vfb02b/V-Vfb02b.csv,V-Vfb02b.csv,.csv,V-Vfb02b,132,2240834,True,50cc9f72afb63f25ed42b2d2bf5b09e48ec768750603c7d078b9c9bfa272ae30,Vehicle (V),Synchronised,Categorised,Driver E
Unsynchronised V and S Dataset/Categorised IOVNB (V) Dataset/V Dataset/Vf (Driver E)/V-Vfb02b/V-Vfb02b.JPG,V-Vfb02b.JPG,.jpg,V-Vfb02b,131,206869,True,7c6c27a8035683cb2f4928f57b71167452c8414c13a9e2ea67cd535bafe975d7,Vehicle (V),Synchronised,Categorised,Driver E
Unsynchronised V and S Dataset/Categorised IOVNB (V) Dataset/V Dataset/Vf (Driver E)/V-Vfb02c/V-Vfb02c.csv,V-Vfb02c.csv,.csv,V-Vfb02c,131,132991,True,c68f61a381555a0c5669b9952b59d7424f1bef82fd05b1cb8fbc26bb549b12aa,Vehicle (V),Synchronised,Categorised,Driver E
Unsynchronised V and S Dataset/Categorised IOVNB (V) Dataset/V Dataset/Vf (Driver E)/V-Vfb02c/V-Vfb02c.JPG,V-Vfb02c.JPG,.jpg,V-Vfb02c,131,157317,True,7d719fa151635204d4bc9b9d19ad2eb95f8bc1b9a873d8b970333a22b6d77345,Vehicle (V),Synchronised,Categorised,Driver E
Unsynchronised V and S Dataset/Categorised IOVNB (V) Dataset/V Dataset/Vf (Driver E)/V-Vfb02d/V-Vfb02d.csv,V-Vfb02d.csv,.csv,V-Vfb02d,131,182339,True,51dd189b27452c83f76b58e751a510cbc5d9b4e1d300396274f2efb8bd450232,Vehicle (V),Synchronised,Categorised,Driver E
Unsynchronised V and S Dataset/Categorised IOVNB (V) Dataset/V Dataset/Vf (Driver E)/V-Vfb02d/V-Vfb02d.JPG,V-Vfb02d.JPG,.jpg,V-Vfb02d,131,127100,True,e45406063085a7373198cb02863f8f583eab6d1ee11e11c8851e47e95b6913ee,Vehicle (V),Synchronised,Categorised,Driver E
Unsynchronised V and S Dataset/Categorised IOVNB (V) Dataset/V Dataset/Vf (Driver E)/V-Vfb02e/V-Vfb02e.csv,V-Vfb02e.csv,.csv,V-Vfb02e,131,202703,True,ebf89d496674e64391e89820fb2ad6db5a66f3204375c3abc5db1f225cabbcf3,Vehicle (V),Synchronised,Categorised,Driver E
Unsynchronised V and S Dataset/Categorised IOVNB (V) Dataset/V Dataset/Vf (Driver E)/V-Vfb02e/V-Vfb02e.JPG,V-Vfb02e.JPG,.jpg,V-Vfb02e,131,100923,True,4d65fc4eea826b69441eb26f56f838d64dcd0eaf26351ddb1340f54c0d93da50,Vehicle (V),Synchronised,Categorised,Driver E
Unsynchronised V and S Dataset/Categorised IOVNB (V) Dataset/V Dataset/Vf (Driver E)/V-Vfb02f/V-Vfb02f.csv,V-Vfb02f.csv,.csv,V-Vfb02f,131,136684,True,5430fd60efdb7a85fc42837e647f245a860d996c86cc73634fd7d2ab3175c5a1,Vehicle (V),Synchronised,Categorised,Driver E
Unsynchronised V and S Dataset/Categorised IOVNB (V) Dataset/V Dataset/Vf (Driver E)/V-Vfb02f/V-Vfb02f.JPG,V-Vfb02f.JPG,.jpg,V-Vfb02f,131,129130,True,c190cf5e38d32af2e902f1ef358528a6d49ad6bc6fede0bc1649617165a574f1,Vehicle (V),Synchronised,Categorised,Driver E
Unsynchronised V and S Dataset/Categorised IOVNB (V) Dataset/V Dataset/Vf (Driver E)/V-Vfb02g/V-Vfb02g.csv,V-Vfb02g.csv,.csv,V-Vfb02g,132,5570770,True,09c317c6e7e3b8534459610c7b47a23787563febc6fdeae015f04f037737a878,Vehicle (V),Synchronised,Categorised,Driver E
Unsynchronised V and S Dataset/Categorised IOVNB (V) Dataset/V Dataset/Vf (Driver E)/V-Vfb02g/V-Vfb02g.JPG,V-Vfb02g.JPG,.jpg,V-Vfb02g,131,112560,True,3a01e37cc7648184abdea0af39e28463b8c8cdd91838230e09d1c36b3ec56702,Vehicle (V),Synchronised,Categorised,Driver E
Unsynchronised V and S Dataset/Categorised IOVNB (V) Dataset/V Dataset/Vta (Driver E)/Vta01a/V-Vta1a.csv,V-Vta1a.csv,.csv,Vta01a,132,5288733,True,4857a85a1c6f13eb48f80fc695e1e339af90dff1cbf8accaa5da13dd63304a49,Vehicle (V),Synchronised,Categorised,Driver E
Unsynchronised V and S Dataset/Categorised IOVNB (V) Dataset/V Dataset/Vta (Driver E)/Vta01a/V-Vta1a.JPG,V-Vta1a.JPG,.jpg,Vta01a,131,125542,True,096c330e52ae1d4cbcf7ff9924fc6e1dbf387cccf70bafd50cdac91f81cc7f29,Vehicle (V),Synchronised,Categorised,Driver E
Unsynchronised V and S Dataset/Categorised IOVNB (V) Dataset/V Dataset/Vta (Driver E)/Vta01b/V-Vfb01b.JPG,V-Vfb01b.JPG,.jpg,Vta01b,131,110745,True,4ca9c7ca7c52e0f63b308f1ef385a65779db553ca626233733aa6d52ca4e9803,Vehicle (V),Synchronised,Categorised,Driver E
Unsynchronised V and S Dataset/Categorised IOVNB (V) Dataset/V Dataset/Vta (Driver E)/Vta01b/V-Vta1b.csv,V-Vta1b.csv,.csv,Vta01b,131,198110,True,23b4e70ca03acb6aadb4c1d2e68d1dd6f996e695dd56e1fb2f6ff6ffaac3b46e,Vehicle (V),Synchronised,Categorised,Driver E
Unsynchronised V and S Dataset/Categorised IOVNB (V) Dataset/V Dataset/Vta (Driver E)/Vta02/V-Vta2.csv,V-Vta2.csv,.csv,Vta02,132,2222734,True,7bb966aa72278f3c8fbf39510fa53fce1daccbf465e8153adb6f4d520c1bf2be,Vehicle (V),Synchronised,Categorised,Driver E
Unsynchronised V and S Dataset/Categorised IOVNB (V) Dataset/V Dataset/Vta (Driver E)/Vta02/V-Vta2.JPG,V-Vta2.JPG,.jpg,Vta02,131,137726,True,c6c4cb24b408edacc3208236e00022d17b6c8d0d772f176cdb9765fdbd066ac6,Vehicle (V),Synchronised,Categorised,Driver E
Unsynchronised V and S Dataset/Categorised IOVNB (V) Dataset/V Dataset/Vta (Driver E)/Vta03/V-Vta3.csv,V-Vta3.csv,.csv,Vta03,131,175163,True,2c6b7e53f2faa0d1c5cbe25d47a3293a878504f12226b0ea77b873807d827172,Vehicle (V),Synchronised,Categorised,Driver E
Unsynchronised V and S Dataset/Categorised IOVNB (V) Dataset/V Dataset/Vta (Driver E)/Vta03/V-Vta3.JPG,V-Vta3.JPG,.jpg,Vta03,131,138187,True,3aa41aea8ad3d45e6701c655fbd6701d9de0425cd6cf3350a375394b8d20aa63,Vehicle (V),Synchronised,Categorised,Driver E
Unsynchronised V and S Dataset/Categorised IOVNB (V) Dataset/V Dataset/Vta (Driver E)/Vta04/V-Vta4.csv,V-Vta4.csv,.csv,Vta04,131,370003,True,f21eda72f506f4c4c0c3cf5828b096edbddc59bf1bbb4da6619f9f060622e754,Vehicle (V),Synchronised,Categorised,Driver E
Unsynchronised V and S Dataset/Categorised IOVNB (V) Dataset/V Dataset/Vta (Driver E)/Vta04/V-Vta4.JPG,V-Vta4.JPG,.jpg,Vta04,131,124092,True,437c89b6ff156c8eabcad4d4fbafa4ef500b5d800a4561ddd8d50dee19608ef2,Vehicle (V),Synchronised,Categorised,Driver E
Unsynchronised V and S Dataset/Categorised IOVNB (V) Dataset/V Dataset/Vta (Driver E)/Vta05/V-Vta5.csv,V-Vta5.csv,.csv,Vta05,130,73728,True,2c199c21f3a7e70e4265c051307848828120c404ec2ce16d962c53bab423d739,Vehicle (V),Synchronised,Categorised,Driver E
Unsynchronised V and S Dataset/Categorised IOVNB (V) Dataset/V Dataset/Vta (Driver E)/Vta05/V-Vta5.JPG,V-Vta5.JPG,.jpg,Vta05,131,115310,True,5b35b59bb522160f2ddde1c689dd2bf18998103e5a8127bb044f5b0e002bedf9,Vehicle (V),Synchronised,Categorised,Driver E
Unsynchronised V and S Dataset/Categorised IOVNB (V) Dataset/V Dataset/Vta (Driver E)/Vta06/V-Vta6.csv,V-Vta6.csv,.csv,Vta06,131,284633,True,0f372c0946092966eba77bcdaf6bb3ebf6b15c60a6ed2f290e4426f61466135b,Vehicle (V),Synchronised,Categorised,Driver E
Unsynchronised V and S Dataset/Categorised IOVNB (V) Dataset/V Dataset/Vta (Driver E)/Vta06/V-Vta6.JPG,V-Vta6.JPG,.jpg,Vta06,130,86806,True,777a0cbdad47fee6fda413fd40ffe1546a4ead3ca53c719b392187bbffd740e3,Vehicle (V),Synchronised,Categorised,Driver E
Unsynchronised V and S Dataset/Categorised IOVNB (V) Dataset/V Dataset/Vta (Driver E)/Vta07/V-Vta7.csv,V-Vta7.csv,.csv,Vta07,131,176565,True,b79e883cc8d3b4c6d5fef0954aa707bea947b8d796bd138c7b3eec1f6e6390c2,Vehicle (V),Synchronised,Categorised,Driver E
Unsynchronised V and S Dataset/Categorised IOVNB (V) Dataset/V Dataset/Vta (Driver E)/Vta07/V-Vta7.JPG,V-Vta7.JPG,.jpg,Vta07,130,90532,True,5a22e8cf62a40d9c154cda83a0ee4037a4f20b882a42add6221f61827b3296c2,Vehicle (V),Synchronised,Categorised,Driver E
Unsynchronised V and S Dataset/Categorised IOVNB (V) Dataset/V Dataset/Vta (Driver E)/Vta08/V-Vta8.csv,V-Vta8.csv,.csv,Vta08,131,732865,True,316f79fa86937f147795c702bea668d605e188c7d6f0f399c445ef12e37f964e,Vehicle (V),Synchronised,Categorised,Driver E
Unsynchronised V and S Dataset/Categorised IOVNB (V) Dataset/V Dataset/Vta (Driver E)/Vta08/V-Vta8.JPG,V-Vta8.JPG,.jpg,Vta08,130,93238,True,95c7305c441feb1a284b38800fc893192755ea355dc001efd1f45cdb07ebcc7e,Vehicle (V),Synchronised,Categorised,Driver E
Unsynchronised V and S Dataset/Categorised IOVNB (V) Dataset/V Dataset/Vta (Driver E)/Vta09/V-Vta9.csv,V-Vta9.csv,.csv,Vta09,130,46738,True,c0f9419e6cb8b5937663af729a2aa007fbb3c8add15074bff78a0b120ecaf8ac,Vehicle (V),Synchronised,Categorised,Driver E
Unsynchronised V and S Dataset/Categorised IOVNB (V) Dataset/V Dataset/Vta (Driver E)/Vta09/V-Vta9.JPG,V-Vta9.JPG,.jpg,Vta09,131,128689,True,62c3db1f589f2227b587f691ef082f3bd2e72e1e5218112aedd78afd993f45cf,Vehicle (V),Synchronised,Categorised,Driver E
Unsynchronised V and S Dataset/Categorised IOVNB (V) Dataset/V Dataset/Vta (Driver E)/Vta10/V-Vta10.csv,V-Vta10.csv,.csv,Vta10,131,321356,True,b16817eecd63a0f8bc27ae8b3490760e394391535c798587602f6feaab856001,Vehicle (V),Synchronised,Categorised,Driver E
Unsynchronised V and S Dataset/Categorised IOVNB (V) Dataset/V Dataset/Vta (Driver E)/Vta10/V-Vta10.JPG,V-Vta10.JPG,.jpg,Vta10,131,103718,True,13a6e76ab4635f683c6ae673f0a7b0586ffa4671c18b039adb3eec5700df762b,Vehicle (V),Synchronised,Categorised,Driver E
Unsynchronised V and S Dataset/Categorised IOVNB (V) Dataset/V Dataset/Vta (Driver E)/Vta11/V-Vta11.csv,V-Vta11.csv,.csv,Vta11,131,122161,True,a18d901420f06dd598597716786334afd1648000037568c782429d973507028e,Vehicle (V),Synchronised,Categorised,Driver E
Unsynchronised V and S Dataset/Categorised IOVNB (V) Dataset/V Dataset/Vta (Driver E)/Vta11/V-Vta11.JPG,V-Vta11.JPG,.jpg,Vta11,130,50368,True,e07c138c1ed94fa630ee7af4004809db1f46864e46f4de0549f4ecb81944e8b6,Vehicle (V),Synchronised,Categorised,Driver E
Unsynchronised V and S Dataset/Categorised IOVNB (V) Dataset/V Dataset/Vta (Driver E)/Vta12/V-Vta12.csv,V-Vta12.csv,.csv,Vta12,131,140652,True,c24b48fcf0ee5ab1be0416a5b0b5d4fc087cc65fc990f850e799e705fa1cb1bd,Vehicle (V),Synchronised,Categorised,Driver E
Unsynchronised V and S Dataset/Categorised IOVNB (V) Dataset/V Dataset/Vta (Driver E)/Vta12/V-Vta12.JPG,V-Vta12.JPG,.jpg,Vta12,130,54434,True,6ae5a7635f3a9e7ed5ed2a97c0413759a05e0be16da6dd050a90d9d5dfe8f9e9,Vehicle (V),Synchronised,Categorised,Driver E
Unsynchronised V and S Dataset/Categorised IOVNB (V) Dataset/V Dataset/Vta (Driver E)/Vta13/V-Vta13.csv,V-Vta13.csv,.csv,Vta13,130,98450,True,5d9f5a8f99d21cff2f3d85ee4faec473b74c28be2c3dfc0ff1976375fc84501a,Vehicle (V),Synchronised,Categorised,Driver E
Unsynchronised V and S Dataset/Categorised IOVNB (V) Dataset/V Dataset/Vta (Driver E)/Vta13/V-Vta13.JPG,V-Vta13.JPG,.jpg,Vta13,130,70548,True,e8c9014bc18037787a6d0b0582e88ed57c1293bdabf962b56d31810a6079e63d,Vehicle (V),Synchronised,Categorised,Driver E
Unsynchronised V and S Dataset/Categorised IOVNB (V) Dataset/V Dataset/Vta (Driver E)/Vta14/V-Vta14.csv,V-Vta14.csv,.csv,Vta14,131,593318,True,27cac1b546258a188c9034560b73cf970e950213894325345570bfc1fa50b7e1,Vehicle (V),Synchronised,Categorised,Driver E
Unsynchronised V and S Dataset/Categorised IOVNB (V) Dataset/V Dataset/Vta (Driver E)/Vta14/V-Vta14.JPG,V-Vta14.JPG,.jpg,Vta14,130,59948,True,4cadfe1c08729dbbbbef9fb06c0658820cb3fbe141b033d26ede8fcc131e4b9b,Vehicle (V),Synchronised,Categorised,Driver E
Unsynchronised V and S Dataset/Categorised IOVNB (V) Dataset/V Dataset/Vta (Driver E)/Vta15/V-Vta15.csv,V-Vta15.csv,.csv,Vta15,131,177465,True,c16729168b373c1aba8e71f6af00e5e92fcd232d513b2b5ac2c275586694aded,Vehicle (V),Synchronised,Categorised,Driver E
Unsynchronised V and S Dataset/Categorised IOVNB (V) Dataset/V Dataset/Vta (Driver E)/Vta15/V-Vta15.JPG,V-Vta15.JPG,.jpg,Vta15,130,64657,True,1d9b60eafa098a1ddf4c318a7b6c4c7aca7a6a95f57e3886b1de68be7b8e78ce,Vehicle (V),Synchronised,Categorised,Driver E
Unsynchronised V and S Dataset/Categorised IOVNB (V) Dataset/V Dataset/Vta (Driver E)/Vta16/V-Vta16.csv,V-Vta16.csv,.csv,Vta16,132,2312817,True,8de195165a29ddea5f138d704fb3107405d823c32e54b8d49009b120ba4894aa,Vehicle (V),Synchronised,Categorised,Driver E
Unsynchronised V and S Dataset/Categorised IOVNB (V) Dataset/V Dataset/Vta (Driver E)/Vta16/V-Vta16.JPG,V-Vta16.JPG,.jpg,Vta16,130,73109,True,8e8e104ec89e3314749b3446cbfc6f78be739f9332dd8a39c9ab47944dba797d,Vehicle (V),Synchronised,Categorised,Driver E
Unsynchronised V and S Dataset/Categorised IOVNB (V) Dataset/V Dataset/Vta (Driver E)/Vta17/V-Vta17.csv,V-Vta17.csv,.csv,Vta17,131,944997,True,b866394640dd88ec9b8946f3bd8b4f4bb9e56253b4ef77fff7e23889a25d5a5d,Vehicle (V),Synchronised,Categorised,Driver E
Unsynchronised V and S Dataset/Categorised IOVNB (V) Dataset/V Dataset/Vta (Driver E)/Vta17/V-Vta17.JPG,V-Vta17.JPG,.jpg,Vta17,131,118853,True,0e1a1c9e7237f6599bef542ffe9b48d837c1d9e5e8e78f6855447fa188804a85,Vehicle (V),Synchronised,Categorised,Driver E
Unsynchronised V and S Dataset/Categorised IOVNB (V) Dataset/V Dataset/Vta (Driver E)/Vta19/V-Vta19.csv,V-Vta19.csv,.csv,Vta19,130,62292,True,c52a7a642ebb61501d2ce4f805e06ca218e91d5ade7f1327f5c46d9933c33ecc,Vehicle (V),Synchronised,Categorised,Driver E
Unsynchronised V and S Dataset/Categorised IOVNB (V) Dataset/V Dataset/Vta (Driver E)/Vta19/V-Vta19.JPG,V-Vta19.JPG,.jpg,Vta19,131,117786,True,24c0b7f979c52c3ca926a195f9c03d34158e51c326a4a691ca623a76b9a74814,Vehicle (V),Synchronised,Categorised,Driver E
Unsynchronised V and S Dataset/Categorised IOVNB (V) Dataset/V Dataset/Vta (Driver E)/Vta20/V-Vta20.csv,V-Vta20.csv,.csv,Vta20,131,577317,True,17c4e9933bfb1d2c9e006dfacfc5a760532804e9fe3b1120f97b94c2c1785ffb,Vehicle (V),Synchronised,Categorised,Driver E
Unsynchronised V and S Dataset/Categorised IOVNB (V) Dataset/V Dataset/Vta (Driver E)/Vta20/V-Vta20.JPG,V-Vta20.JPG,.jpg,Vta20,130,71863,True,c45fe9185bba58fcfc51281f5d6bfd5c172125fa1ac0675e9ce274f623078700,Vehicle (V),Synchronised,Categorised,Driver E
Unsynchronised V and S Dataset/Categorised IOVNB (V) Dataset/V Dataset/Vta (Driver E)/Vta21/V-Vta21.csv,V-Vta21.csv,.csv,Vta21,131,430922,True,12f6c6a3f00af8e2e5f9cdb368f5952e32986dfd437707b83fd6890893458aa8,Vehicle (V),Synchronised,Categorised,Driver E
Unsynchronised V and S Dataset/Categorised IOVNB (V) Dataset/V Dataset/Vta (Driver E)/Vta21/V-Vta21.JPG,V-Vta21.JPG,.jpg,Vta21,130,83580,True,4711e6ddcfc8372b9b7ddfdbd98c97377585425d36e4a7c428a2beb68a73f966,Vehicle (V),Synchronised,Categorised,Driver E
Unsynchronised V and S Dataset/Categorised IOVNB (V) Dataset/V Dataset/Vta (Driver E)/Vta22/V-Vta22.csv,V-Vta22.csv,.csv,Vta22,131,323518,True,7e2e52e2b9b568ea3e1c463c7ec77e5fd56b371f3149ff3149d00482a8ca8de9,Vehicle (V),Synchronised,Categorised,Driver E
Unsynchronised V and S Dataset/Categorised IOVNB (V) Dataset/V Dataset/Vta (Driver E)/Vta22/V-Vta22.JPG,V-Vta22.JPG,.jpg,Vta22,130,90650,True,d7a6670a30e61fd5e5fa6a40b7868b5511a512234e5d68e33723ff6862a56c58,Vehicle (V),Synchronised,Categorised,Driver E
Unsynchronised V and S Dataset/Categorised IOVNB (V) Dataset/V Dataset/Vta (Driver E)/Vta23/V-Vta23.csv,V-Vta23.csv,.csv,Vta23,131,232810,True,b3a4d14906d1783b565ee27c43d012804cfefaef14a4c6f5114ea683269ff06f,Vehicle (V),Synchronised,Categorised,Driver E
Unsynchronised V and S Dataset/Categorised IOVNB (V) Dataset/V Dataset/Vta (Driver E)/Vta23/V-Vta23.JPG,V-Vta23.JPG,.jpg,Vta23,130,79982,True,3ab900927ad6a8561229d8925db0db73af872ef8e9ec17448310fd78ca424906,Vehicle (V),Synchronised,Categorised,Driver E
Unsynchronised V and S Dataset/Categorised IOVNB (V) Dataset/V Dataset/Vta (Driver E)/Vta24/V-Vta24.csv,V-Vta24.csv,.csv,Vta24,131,241654,True,51f89a408dec57e46d4d6ea80454e7974c38cb59d90f2a8a109899e88197ed41,Vehicle (V),Synchronised,Categorised,Driver E
Unsynchronised V and S Dataset/Categorised IOVNB (V) Dataset/V Dataset/Vta (Driver E)/Vta24/V-Vta24.JPG,V-Vta24.JPG,.jpg,Vta24,131,105035,True,3d988186c78ca062f103c10aadf90442791736531d2fbe65b82938eba0fdf277,Vehicle (V),Synchronised,Categorised,Driver E
Unsynchronised V and S Dataset/Categorised IOVNB (V) Dataset/V Dataset/Vta (Driver E)/Vta25/V-Vta25.csv,V-Vta25.csv,.csv,Vta25,131,129385,True,a02be7752e5d606c88dfa5a875f5a02684f06d68fa97f25112ad975aa0621448,Vehicle (V),Synchronised,Categorised,Driver E
Unsynchronised V and S Dataset/Categorised IOVNB (V) Dataset/V Dataset/Vta (Driver E)/Vta25/V-Vta25.JPG,V-Vta25.JPG,.jpg,Vta25,130,68783,True,d9f6619c6d37038d789814c7d21960683e33dd9395c1f77edb208341a4ad4f65,Vehicle (V),Synchronised,Categorised,Driver E
Unsynchronised V and S Dataset/Categorised IOVNB (V) Dataset/V Dataset/Vta (Driver E)/Vta26/V-Vta26.csv,V-Vta26.csv,.csv,Vta26,131,388954,True,f5233605b530d4511c259b149fecf142aff34e80d444567f68a4ad08a986505a,Vehicle (V),Synchronised,Categorised,Driver E
Unsynchronised V and S Dataset/Categorised IOVNB (V) Dataset/V Dataset/Vta (Driver E)/Vta26/V-Vta26.JPG,V-Vta26.JPG,.jpg,Vta26,130,43055,True,8ffe1009f9f97c5097b2492fc154fb775aea6395273319a44f8f06a8ab3e5de9,Vehicle (V),Synchronised,Categorised,Driver E
Unsynchronised V and S Dataset/Categorised IOVNB (V) Dataset/V Dataset/Vta (Driver E)/Vta27/V-Vta27.csv,V-Vta27.csv,.csv,Vta27,131,583915,True,bb8cee07da2802f0b543cd9ffe682262a19e8e0e9d6692b1eb792e03bc512d3b,Vehicle (V),Synchronised,Categorised,Driver E
Unsynchronised V and S Dataset/Categorised IOVNB (V) Dataset/V Dataset/Vta (Driver E)/Vta27/V-Vta27.JPG,V-Vta27.JPG,.jpg,Vta27,130,54531,True,86badb6e20754afece2930ed0e3ff0e5d0d1fc21450ab064ce14e8f8163fb18f,Vehicle (V),Synchronised,Categorised,Driver E
Unsynchronised V and S Dataset/Categorised IOVNB (V) Dataset/V Dataset/Vta (Driver E)/Vta28/V-Vta28.csv,V-Vta28.csv,.csv,Vta28,131,859662,True,db64f82bd2badebe3c63394495045aeee9579f1e62fe0532a09c7752c4dba5d9,Vehicle (V),Synchronised,Categorised,Driver E
Unsynchronised V and S Dataset/Categorised IOVNB (V) Dataset/V Dataset/Vta (Driver E)/Vta28/V-Vta28.JPG,V-Vta28.JPG,.jpg,Vta28,130,94954,True,d51005e04e0953d6c4ac9a129e25539b87a5fb16a56e442017b7719c20397511,Vehicle (V),Synchronised,Categorised,Driver E
Unsynchronised V and S Dataset/Categorised IOVNB (V) Dataset/V Dataset/Vta (Driver E)/Vta29/V-Vta29.csv,V-Vta29.csv,.csv,Vta29,132,4907770,True,e3794b1e4da783ad5ee5eb98eb687b78f1a0ebcec519aa6d68ae029d10d72313,Vehicle (V),Synchronised,Categorised,Driver E
Unsynchronised V and S Dataset/Categorised IOVNB (V) Dataset/V Dataset/Vta (Driver E)/Vta29/V-Vta29.JPG,V-Vta29.JPG,.jpg,Vta29,130,80481,True,0812b037133c16a2b872b18591d15a908e2f76d468cd8f51125a3869565ff057,Vehicle (V),Synchronised,Categorised,Driver E
Unsynchronised V and S Dataset/Categorised IOVNB (V) Dataset/V Dataset/Vta (Driver E)/Vta30/V-Vta30.csv,V-Vta30.csv,.csv,Vta30,132,3460420,True,15d33059adbdee84391153fe23d43d63c3bf7370e5da8cca66fb9c5d334730c8,Vehicle (V),Synchronised,Categorised,Driver E
Unsynchronised V and S Dataset/Categorised IOVNB (V) Dataset/V Dataset/Vta (Driver E)/Vta30/V-Vta30.JPG,V-Vta30.JPG,.jpg,Vta30,131,127644,True,3d81a238474785d2736b40f2c122fe713edd8855d99fd89c70c8c0c489ae429a,Vehicle (V),Synchronised,Categorised,Driver E
Unsynchronised V and S Dataset/Categorised IOVNB (V) Dataset/V Dataset/Vtb (Driver E)/Vtb01/V-Vtb1.csv,V-Vtb1.csv,.csv,Vtb01,132,6696680,True,fcb832a379d1827c6863690b7c39805e06f0318aac7ed24c5b515cfe90fdb516,Vehicle (V),Synchronised,Categorised,Driver E
Unsynchronised V and S Dataset/Categorised IOVNB (V) Dataset/V Dataset/Vtb (Driver E)/Vtb01/V-Vtb1.JPG,V-Vtb1.JPG,.jpg,Vtb01,131,156966,True,8c655ad0f2858cb32b5a11194197e37f6f17d7f8a7f6da0da8e4968d45adbc9b,Vehicle (V),Synchronised,Categorised,Driver E
Unsynchronised V and S Dataset/Categorised IOVNB (V) Dataset/V Dataset/Vtb (Driver E)/Vtb02/V-Vtb2.csv,V-Vtb2.csv,.csv,Vtb02,132,1149458,True,18bd17ba2fc06a70a2fca32d7a913c5543011be583b60e1db8a78a4167f84482,Vehicle (V),Synchronised,Categorised,Driver E
Unsynchronised V and S Dataset/Categorised IOVNB (V) Dataset/V Dataset/Vtb (Driver E)/Vtb02/V-Vtb2.JPG,V-Vtb2.JPG,.jpg,Vtb02,131,146447,True,bb1fc253c424ea2ba2d0b547fa27e138956df9c731ae5eb14e3442c62f55d12a,Vehicle (V),Synchronised,Categorised,Driver E
Unsynchronised V and S Dataset/Categorised IOVNB (V) Dataset/V Dataset/Vtb (Driver E)/Vtb03/V-Vtb3.csv,V-Vtb3.csv,.csv,Vtb03,132,1663807,True,cffedec2b0088ae62d8323417cd25905a94261aa8e58ec81759d81bb72058620,Vehicle (V),Synchronised,Categorised,Driver E
Unsynchronised V and S Dataset/Categorised IOVNB (V) Dataset/V Dataset/Vtb (Driver E)/Vtb03/V-Vtb3.JPG,V-Vtb3.JPG,.jpg,Vtb03,131,166763,True,6f8e9279149f352ab92805ef6314283e4f0afcfde6ff26b4d14290fdecb8ee3c,Vehicle (V),Synchronised,Categorised,Driver E
Unsynchronised V and S Dataset/Categorised IOVNB (V) Dataset/V Dataset/Vtb (Driver E)/Vtb04/V-Vtb4.csv,V-Vtb4.csv,.csv,Vtb04,131,127079,True,f918795f7af8b69e24261fab948424422fab381d0226b605b85be5a4b7cccf4d,Vehicle (V),Synchronised,Categorised,Driver E
Unsynchronised V and S Dataset/Categorised IOVNB (V) Dataset/V Dataset/Vtb (Driver E)/Vtb04/V-Vtb4.JPG,V-Vtb4.JPG,.jpg,Vtb04,131,166765,True,b93440af92ee513283aa4be079ff8ee96da3f7fafcf0491dfa8d9443d33f2b0e,Vehicle (V),Synchronised,Categorised,Driver E
Unsynchronised V and S Dataset/Categorised IOVNB (V) Dataset/V Dataset/Vtb (Driver E)/Vtb05/V-Vtb5.csv,V-Vtb5.csv,.csv,Vtb05,133,13070303,True,9d7f2694d9311d71e9d6258ca29dcbd75ad4e7f8077662619c72a50d33c67892,Vehicle (V),Synchronised,Categorised,Driver E
Unsynchronised V and S Dataset/Categorised IOVNB (V) Dataset/V Dataset/Vtb (Driver E)/Vtb05/V-Vtb5.JPG,V-Vtb5.JPG,.jpg,Vtb05,130,96900,True,cc7a4f061aeda599026ec89febd49d3bfca3a40d5f2900e49ab666458f1e4d27,Vehicle (V),Synchronised,Categorised,Driver E
Unsynchronised V and S Dataset/Categorised IOVNB (V) Dataset/V Dataset/Vtb (Driver E)/Vtb06/V-Vtb6.csv,V-Vtb6.csv,.csv,Vtb06,131,104997,True,d2d563ba86d9d9ef1a636a3a9ecca4ff4983a15b6214a44db999f64934af8dc7,Vehicle (V),Synchronised,Categorised,Driver E
Unsynchronised V and S Dataset/Categorised IOVNB (V) Dataset/V Dataset/Vtb (Driver E)/Vtb06/V-Vtb6.JPG,V-Vtb6.JPG,.jpg,Vtb06,131,149826,True,cb4a9b69cba196c060bbc757ddc5a38c3c2796c185530c642a8c35fd4422cba8,Vehicle (V),Synchronised,Categorised,Driver E
Unsynchronised V and S Dataset/Categorised IOVNB (V) Dataset/V Dataset/Vtb (Driver E)/Vtb07/V-Vtb7.csv,V-Vtb7.csv,.csv,Vtb07,130,94550,True,f5830144b2f857d1a0f0e94a1b95ed267065fbac8819a37b079280da56f7cae4,Vehicle (V),Synchronised,Categorised,Driver E
Unsynchronised V and S Dataset/Categorised IOVNB (V) Dataset/V Dataset/Vtb (Driver E)/Vtb07/V-Vtb7.JPG,V-Vtb7.JPG,.jpg,Vtb07,131,112096,True,a264d6c7a077f98721c8fcb404f6dacaa8167ebc6fd39cb3d9847263cdaaf9a9,Vehicle (V),Synchronised,Categorised,Driver E
Unsynchronised V and S Dataset/Categorised IOVNB (V) Dataset/V Dataset/Vtb (Driver E)/Vtb08/V-Vtb8.csv,V-Vtb8.csv,.csv,Vtb08,131,138144,True,31be17ec68f9a1adda4657812effda6203fa058bd043dd76b19639ce98febe6b,Vehicle (V),Synchronised,Categorised,Driver E
Unsynchronised V and S Dataset/Categorised IOVNB (V) Dataset/V Dataset/Vtb (Driver E)/Vtb08/V-Vtb8.JPG,V-Vtb8.JPG,.jpg,Vtb08,130,71872,True,b44096c9fd487333a0fb082006db8b578a6efa1ae978821b5e7cc35addc1385b,Vehicle (V),Synchronised,Categorised,Driver E
Unsynchronised V and S Dataset/Categorised IOVNB (V) Dataset/V Dataset/Vtb (Driver E)/Vtb09/V-Vtb9.csv,V-Vtb9.csv,.csv,Vtb09,130,92473,True,d50851c0f724a3b839674071240deacdcb3ed1ea2d582691ea459355c32fa45f,Vehicle (V),Synchronised,Categorised,Driver E
Unsynchronised V and S Dataset/Categorised IOVNB (V) Dataset/V Dataset/Vtb (Driver E)/Vtb09/V-Vtb9.JPG,V-Vtb9.JPG,.jpg,Vtb09,130,85590,True,62eccaff0574f2fb3e1b68a74e03ae87cf253f06c32af631a9f027dadb888c9a,Vehicle (V),Synchronised,Categorised,Driver E
Unsynchronised V and S Dataset/Categorised IOVNB (V) Dataset/V Dataset/Vtb (Driver E)/Vtb10/V-Vtb10.csv,V-Vtb10.csv,.csv,Vtb10,130,40687,True,b0958971cd26d31ac74cb0f3496e9bfbd1a0cdcec022b2a192e727539bb8d0b1,Vehicle (V),Synchronised,Categorised,Driver E
Unsynchronised V and S Dataset/Categorised IOVNB (V) Dataset/V Dataset/Vtb (Driver E)/Vtb10/V-Vtb10.JPG,V-Vtb10.JPG,.jpg,Vtb10,131,155179,True,f0ba60885c879e849f719604aa00bdb3286461cf9725517a47c86bc36bfbbcd9,Vehicle (V),Synchronised,Categorised,Driver E
Unsynchronised V and S Dataset/Categorised IOVNB (V) Dataset/V Dataset/Vtb (Driver E)/Vtb11/V-Vtb11.csv,V-Vtb11.csv,.csv,Vtb11,130,88068,True,bb66b9394af2f8f9183e5cc986ce94fcd36627455e6e3512206b974082b6ca62,Vehicle (V),Synchronised,Categorised,Driver E
Unsynchronised V and S Dataset/Categorised IOVNB (V) Dataset/V Dataset/Vtb (Driver E)/Vtb11/V-Vtb11.JPG,V-Vtb11.JPG,.jpg,Vtb11,130,71219,True,7b62a82888ec67c9f437125caeeb1cad1bdbe00e5e78c426332db56e20bb7409,Vehicle (V),Synchronised,Categorised,Driver E
Unsynchronised V and S Dataset/Categorised IOVNB (V) Dataset/V Dataset/Vtb (Driver E)/Vtb12/V-Vtb12.csv,V-Vtb12.csv,.csv,Vtb12,130,98988,True,f6c0b0e704bb745648fe30f48c2e38c1f0ea0f653b71f51a837e9a21b845ceb8,Vehicle (V),Synchronised,Categorised,Driver E
Unsynchronised V and S Dataset/Categorised IOVNB (V) Dataset/V Dataset/Vtb (Driver E)/Vtb12/V-Vtb12.JPG,V-Vtb12.JPG,.jpg,Vtb12,131,155651,True,a771f5f016811158a5b33ff3c511014d77447e215114f540d36053b5f9361428,Vehicle (V),Synchronised,Categorised,Driver E
Unsynchronised V and S Dataset/Categorised IOVNB (V) Dataset/V Dataset/Vtb (Driver E)/Vtb13/V-Vtb13.csv,V-Vtb13.csv,.csv,Vtb13,131,256729,True,9f390441ed26e49d93ca33acb873026c5e132042f52e2eab57579f8bead333f7,Vehicle (V),Synchronised,Categorised,Driver E
Unsynchronised V and S Dataset/Categorised IOVNB (V) Dataset/V Dataset/Vtb (Driver E)/Vtb13/V-Vtb13.JPG,V-Vtb13.JPG,.jpg,Vtb13,130,98395,True,70e686bd4bfd819153b04523d6ba0ad59b7046fdf9acd14718694b3c4a57922a,Vehicle (V),Synchronised,Categorised,Driver E
Unsynchronised V and S Dataset/Categorised IOVNB (V) Dataset/V Dataset/Vw (Driver E)/Vw01/V-Vw1.csv,V-Vw1.csv,.csv,Vw01,132,3923291,True,a1769fa8c7cf3ca863e806973e124d867bd6dd1e9c14b3e752ff52031da1d295,Vehicle (V),Synchronised,Categorised,Driver E
Unsynchronised V and S Dataset/Categorised IOVNB (V) Dataset/V Dataset/Vw (Driver E)/Vw01/V-Vw1.JPG,V-Vw1.JPG,.jpg,Vw01,130,73282,True,9168bd74bdfd3623e34c5e92122233cbf00b3cf7632bd2e0403183d2805cd1d5,Vehicle (V),Synchronised,Categorised,Driver E
Unsynchronised V and S Dataset/Categorised IOVNB (V) Dataset/V Dataset/Vw (Driver E)/Vw02/V-Vw2.csv,V-Vw2.csv,.csv,Vw02,133,10887065,True,7916a97a4b23780647c96200533f3a1c6866e6e224ac040b603abd14b48b15de,Vehicle (V),Synchronised,Categorised,Driver E
Unsynchronised V and S Dataset/Categorised IOVNB (V) Dataset/V Dataset/Vw (Driver E)/Vw02/V-Vw2.JPG,V-Vw2.JPG,.jpg,Vw02,131,125623,True,5b87cd9172594b99a9845c9fff59eabacc50864af7df58f14b39ccdf92df5a1a,Vehicle (V),Synchronised,Categorised,Driver E
Unsynchronised V and S Dataset/Categorised IOVNB (V) Dataset/V Dataset/Vw (Driver E)/Vw03/V-Vw3.csv,V-Vw3.csv,.csv,Vw03,131,821795,True,bf061d676cd45ae8fcef4d07714dc9a6a32a148a8b9123fa7a085f44221b017c,Vehicle (V),Synchronised,Categorised,Driver E
Unsynchronised V and S Dataset/Categorised IOVNB (V) Dataset/V Dataset/Vw (Driver E)/Vw03/V-Vw3.JPG,V-Vw3.JPG,.jpg,Vw03,131,156856,True,803f28108cd371e5ce6a3e0e37bb3b791d0de6ae4e770e13d85d7f008dab8adc,Vehicle (V),Synchronised,Categorised,Driver E
Unsynchronised V and S Dataset/Categorised IOVNB (V) Dataset/V Dataset/Vw (Driver E)/Vw04/V-Vw4.csv,V-Vw4.csv,.csv,Vw04,133,26069987,True,a5d06dc8196ee06f0def86fd0803d1a06e3b8cd545a144baeb32988d4af22130,Vehicle (V),Synchronised,Categorised,Driver E
Unsynchronised V and S Dataset/Categorised IOVNB (V) Dataset/V Dataset/Vw (Driver E)/Vw04/V-Vw4.JPG,V-Vw4.JPG,.jpg,Vw04,131,178818,True,b213d4ae4dd94b03f7de8f4e8aae75921846b2e2104ce83879be95574a8f1b9d,Vehicle (V),Synchronised,Categorised,Driver E
Unsynchronised V and S Dataset/Categorised IOVNB (V) Dataset/V Dataset/Vw (Driver E)/Vw05/V-Vw5.csv,V-Vw5.csv,.csv,Vw05,131,215664,True,f6820ac906fb572c385d25e5ab00c5bc3d2cbc82d286c74cd7faf30d711669d7,Vehicle (V),Synchronised,Categorised,Driver E
Unsynchronised V and S Dataset/Categorised IOVNB (V) Dataset/V Dataset/Vw (Driver E)/Vw05/V-Vw5.JPG,V-Vw5.JPG,.jpg,Vw05,131,144350,True,df7f647e5875378bd1d3e2c386868839350449825ab35f4b7879347332be3b88,Vehicle (V),Synchronised,Categorised,Driver E
Unsynchronised V and S Dataset/Categorised IOVNB (V) Dataset/V Dataset/Vw (Driver E)/Vw06/V-Vw6.csv,V-Vw6.csv,.csv,Vw06,131,269988,True,f453e4ac1bc32ff555b7cffe32583757a04f7ec230b681f14a5f2095b04ceef0,Vehicle (V),Synchronised,Categorised,Driver E
Unsynchronised V and S Dataset/Categorised IOVNB (V) Dataset/V Dataset/Vw (Driver E)/Vw06/V-Vw6.JPG,V-Vw6.JPG,.jpg,Vw06,131,160845,True,ac717d2564958ac032479e3840a0e7ea2d35aec4ed7d0e2a8559a9e925ffe4f4,Vehicle (V),Synchronised,Categorised,Driver E
Unsynchronised V and S Dataset/Categorised IOVNB (V) Dataset/V Dataset/Vw (Driver E)/Vw07/V-Vw7.csv,V-Vw7.csv,.csv,Vw07,131,350184,True,690ccc6eb832fe061ce33465a828966b96edc5e739a431f208616886614da738,Vehicle (V),Synchronised,Categorised,Driver E
Unsynchronised V and S Dataset/Categorised IOVNB (V) Dataset/V Dataset/Vw (Driver E)/Vw07/V-Vw7.JPG,V-Vw7.JPG,.jpg,Vw07,131,180212,True,480e2af92ccfb290ac45a3f980967ce67db90555b160b19aab44f8a3cc9987a1,Vehicle (V),Synchronised,Categorised,Driver E
Unsynchronised V and S Dataset/Categorised IOVNB (V) Dataset/V Dataset/Vw (Driver E)/Vw08/V-Vw8.csv,V-Vw8.csv,.csv,Vw08,131,332898,True,aa0e1facaeefa7b45a4288790314e55630dea68e34e62755a87865794f8a266c,Vehicle (V),Synchronised,Categorised,Driver E
Unsynchronised V and S Dataset/Categorised IOVNB (V) Dataset/V Dataset/Vw (Driver E)/Vw08/V-Vw8.JPG,V-Vw8.JPG,.jpg,Vw08,131,210836,True,b77c088ec971d914ec44ed793ba77d69d43a2bd22f66bccf00ca33ff1914a928,Vehicle (V),Synchronised,Categorised,Driver E
Unsynchronised V and S Dataset/Categorised IOVNB (V) Dataset/V Dataset/Vw (Driver E)/Vw09/V-Vw9.csv,V-Vw9.csv,.csv,Vw09,131,125970,True,29f6fa4f216308cc77018ed542bff4a6c3a44588a6286505277ccbd27636c8af,Vehicle (V),Synchronised,Categorised,Driver E
Unsynchronised V and S Dataset/Categorised IOVNB (V) Dataset/V Dataset/Vw (Driver E)/Vw09/V-Vw9.JPG,V-Vw9.JPG,.jpg,Vw09,131,156747,True,6bc1160db4aee7ac926f16dde4222ef6cdde57cdf0ac2757bef2e06998256913,Vehicle (V),Synchronised,Categorised,Driver E
Unsynchronised V and S Dataset/Categorised IOVNB (V) Dataset/V Dataset/Vw (Driver E)/Vw10/V-Vw10.csv,V-Vw10.csv,.csv,Vw10,131,138464,True,8b4da8dba6ac4e043429be4c1ca9b57da87a880ea19b59044413594a43d1a942,Vehicle (V),Synchronised,Categorised,Driver E
Unsynchronised V and S Dataset/Categorised IOVNB (V) Dataset/V Dataset/Vw (Driver E)/Vw10/V-Vw10.JPG,V-Vw10.JPG,.jpg,Vw10,131,188195,True,6dc3dc2218bcfbf4c87879f9d26d24ad0fe562f902d06d1682748f6bbb84c7cf,Vehicle (V),Synchronised,Categorised,Driver E
Unsynchronised V and S Dataset/Categorised IOVNB (V) Dataset/V Dataset/Vw (Driver E)/Vw11/V-Vw10.csv,V-Vw10.csv,.csv,Vw11,131,138464,True,8b4da8dba6ac4e043429be4c1ca9b57da87a880ea19b59044413594a43d1a942,Vehicle (V),Synchronised,Categorised,Driver E
Unsynchronised V and S Dataset/Categorised IOVNB (V) Dataset/V Dataset/Vw (Driver E)/Vw11/V-Vw11.JPG,V-Vw11.JPG,.jpg,Vw11,131,164533,True,eb2aee9170a26d1a1c4c5ab1ef64989c4b71d98c608bada428d66cf91adf9b5d,Vehicle (V),Synchronised,Categorised,Driver E
Unsynchronised V and S Dataset/Categorised IOVNB (V) Dataset/V Dataset/Vw (Driver E)/Vw12/V-Vw12.csv,V-Vw12.csv,.csv,Vw12,131,212441,True,528a947acd6738f3330989e7335ace72f817ac2b6b546938f8fa3d7927cb7210,Vehicle (V),Synchronised,Categorised,Driver E
Unsynchronised V and S Dataset/Categorised IOVNB (V) Dataset/V Dataset/Vw (Driver E)/Vw12/V-Vw12.JPG,V-Vw12.JPG,.jpg,Vw12,130,77937,True,4393fd38e1e05a202c7ee939c65c03dd0427c15cdf27e6547dc64fd66c69af1a,Vehicle (V),Synchronised,Categorised,Driver E
Unsynchronised V and S Dataset/Categorised IOVNB (V) Dataset/V Dataset/Vw (Driver E)/Vw13/V-Vw13.csv,V-Vw13.csv,.csv,Vw13,130,58854,True,681a39826d9a127c53c6df4b9c8729f772d283b34229a12a6db335ca3a9a9920,Vehicle (V),Synchronised,Categorised,Driver E
Unsynchronised V and S Dataset/Categorised IOVNB (V) Dataset/V Dataset/Vw (Driver E)/Vw13/V-Vw13.JPG,V-Vw13.JPG,.jpg,Vw13,130,61617,True,59774db7712003659cdf50420d9f1c7709f94103490ddd3c7226e44134860d2c,Vehicle (V),Synchronised,Categorised,Driver E
Unsynchronised V and S Dataset/Categorised IOVNB (V) Dataset/V Dataset/Vw (Driver E)/Vw14a/V-Vw14a.csv,V-Vw14a.csv,.csv,Vw14a,131,627655,True,be656f544b45a72a38ac5bfc4d24aeaa4ab24a24c8654639829e913491908c78,Vehicle (V),Synchronised,Categorised,Driver E
Unsynchronised V and S Dataset/Categorised IOVNB (V) Dataset/V Dataset/Vw (Driver E)/Vw14a/V-Vw14a.JPG,V-Vw14a.JPG,.jpg,Vw14a,130,81078,True,5f90a9f5c153b0aa87d2a64c5cf4472d1c5e7267792788c04cd39ce773ee852b,Vehicle (V),Synchronised,Categorised,Driver E
Unsynchronised V and S Dataset/Categorised IOVNB (V) Dataset/V Dataset/Vw (Driver E)/Vw14b/V-Vw14b.csv,V-Vw14b.csv,.csv,Vw14b,132,3987718,True,2e6874fa703cb762c70a792d9490d6454e7050b7f55c89c354ad3deda9137b34,Vehicle (V),Synchronised,Categorised,Driver E
Unsynchronised V and S Dataset/Categorised IOVNB (V) Dataset/V Dataset/Vw (Driver E)/Vw14b/V-Vw14b.JPG,V-Vw14b.JPG,.jpg,Vw14b,131,175205,True,d29d87e799748a5c20e60e2ae9572e232ccca0722af751574a34d2363bcb7e15,Vehicle (V),Synchronised,Categorised,Driver E
Unsynchronised V and S Dataset/Categorised IOVNB (V) Dataset/V Dataset/Vw (Driver E)/Vw14c/V-Vw14c.csv,V-Vw14c.csv,.csv,Vw14c,132,3237111,True,cf68527313ded423bd25dd72f004239f31453b8948365a550c6db3385fdf9b70,Vehicle (V),Synchronised,Categorised,Driver E
Unsynchronised V and S Dataset/Categorised IOVNB (V) Dataset/V Dataset/Vw (Driver E)/Vw14c/V-Vw14c.JPG,V-Vw14c.JPG,.jpg,Vw14c,131,128142,True,fed95350ab683e80cb65cf819c99652f38865597baf361dcbb68064140d4c270,Vehicle (V),Synchronised,Categorised,Driver E
Unsynchronised V and S Dataset/Categorised IOVNB (V) Dataset/V Dataset/Vw (Driver E)/Vw15/V-Vw15.csv,V-Vw15.csv,.csv,Vw15,131,253875,True,f3a2e28fb59fef4a54f34b90bccd00fc94b6930b535992e3578c5a3444f6430c,Vehicle (V),Synchronised,Categorised,Driver E
Unsynchronised V and S Dataset/Categorised IOVNB (V) Dataset/V Dataset/Vw (Driver E)/Vw15/V-Vw15.JPG,V-Vw15.JPG,.jpg,Vw15,131,103546,True,2a15184fca7d01059d4017e374695f7cb277a6fabb1b659e4cfbdeb13ced3e50,Vehicle (V),Synchronised,Categorised,Driver E
Unsynchronised V and S Dataset/Categorised IOVNB (V) Dataset/V Dataset/Vw (Driver E)/Vw16a/V-Vw16a.csv,V-Vw16a.csv,.csv,Vw16a,132,1209828,True,ab1e8b5802ea478eb6fee564ce4b9cca1363bacaec78a9472ba834a529f3d9a9,Vehicle (V),Synchronised,Categorised,Driver E
Unsynchronised V and S Dataset/Categorised IOVNB (V) Dataset/V Dataset/Vw (Driver E)/Vw16a/V-Vw16a.JPG,V-Vw16a.JPG,.jpg,Vw16a,131,136984,True,f28423ffa24fa803e9f502963c936118fd4a67266b28c0fc2efcf3a59b2723e8,Vehicle (V),Synchronised,Categorised,Driver E
Unsynchronised V and S Dataset/Categorised IOVNB (V) Dataset/V Dataset/Vw (Driver E)/Vw16b/V-Vw16b.csv,V-Vw16b.csv,.csv,Vw16b,131,236875,True,c267851b7fbd16e978fe898a57440b2ca5c3cf72ae6d165db4cc27bab1f2e581,Vehicle (V),Synchronised,Categorised,Driver E
Unsynchronised V and S Dataset/Categorised IOVNB (V) Dataset/V Dataset/Vw (Driver E)/Vw16b/V-Vw16b.JPG,V-Vw16b.JPG,.jpg,Vw16b,130,95228,True,eceee501cc31e339c5098f0a3aec6fbe2302eb3012cecb10fadda1ec81025608,Vehicle (V),Synchronised,Categorised,Driver E
Unsynchronised V and S Dataset/Categorised IOVNB (V) Dataset/V Dataset/Vw (Driver E)/Vw17/V-Vw17.csv,V-Vw17.csv,.csv,Vw17,130,68566,True,75149cbe1a9e953612c634d2b51972d905b019ea07955b5b50307469812902d6,Vehicle (V),Synchronised,Categorised,Driver E
Unsynchronised V and S Dataset/Categorised IOVNB (V) Dataset/V Dataset/Vw (Driver E)/Vw17/V-Vw17.JPG,V-Vw17.JPG,.jpg,Vw17,131,130602,True,75523598943ca481194fd2d5fddf315a095bcc81591883f299f7a6433667ac32,Vehicle (V),Synchronised,Categorised,Driver E
Unsynchronised V and S Dataset/Categorised IOVNB (V) Dataset/V Dataset/Y (Driver D)/Y1/V-Y1.csv,V-Y1.csv,.csv,Y1,133,14394860,True,eb685d9619b0c7811d6c7ad5162e6401aee0aeb948cee3c37f3196d5e78ebfc3,Vehicle (V),Synchronised,Categorised,Driver D
Unsynchronised V and S Dataset/Categorised IOVNB (V) Dataset/V Dataset/Y (Driver D)/Y1/V-Y1.JPG,V-Y1.JPG,.jpg,Y1,131,149842,True,7b2d2706fc18a8e2b6b2bec2d191c99b9d491967cd1fea5c31d02b1de5bfd812,Vehicle (V),Synchronised,Categorised,Driver D
Unsynchronised V and S Dataset/Categorised IOVNB (V) Dataset/V Dataset/Y (Driver D)/Y2/V-Y2.csv,V-Y2.csv,.csv,Y2,133,11546741,True,24e309a5f7d7e5661a661ef92c54b32e478907a08818e898dad0f62e049f1996,Vehicle (V),Synchronised,Categorised,Driver D
Unsynchronised V and S Dataset/Categorised IOVNB (V) Dataset/V Dataset/Y (Driver D)/Y2/V-Y2.JPG,V-Y2.JPG,.jpg,Y2,131,184094,True,290f61e0a1400d36f7806850dcb886d0b1dc411d02df7b9004188d8b4356744f,Vehicle (V),Synchronised,Categorised,Driver D
Unsynchronised V and S Dataset/Uncategorised IOVNB (V and S) Dataset/S-Dataset/S-A1.csv,S-A1.csv,.csv,S-Dataset,132,1072488,True,3050749766c5d214395e7600bc87ec486abef5818062f84cda6848127cdf3cbe,Smartphone (S),Synchronised,Uncategorised,Unknown
Unsynchronised V and S Dataset/Uncategorised IOVNB (V and S) Dataset/S-Dataset/S-A10.csv,S-A10.csv,.csv,S-Dataset,132,1677197,True,d18e3a40a8b880a4c77f851f7994c73e11fa69e631854aab6f47317e66cff29e,Smartphone (S),Synchronised,Uncategorised,Unknown
Unsynchronised V and S Dataset/Uncategorised IOVNB (V and S) Dataset/S-Dataset/S-A11.csv,S-A11.csv,.csv,S-Dataset,131,926919,True,06c77c5949ca221c178b34e045856dbb7fbaa956e076b49bf2e137cbd0dbc831,Smartphone (S),Synchronised,Uncategorised,Unknown
Unsynchronised V and S Dataset/Uncategorised IOVNB (V and S) Dataset/S-Dataset/S-A12.csv,S-A12.csv,.csv,S-Dataset,131,830964,True,be0397885e58113d4965b3ce2e7e0570266bc0e2411e614edaa3a3cb346ba68d,Smartphone (S),Synchronised,Uncategorised,Unknown
Unsynchronised V and S Dataset/Uncategorised IOVNB (V and S) Dataset/S-Dataset/S-A13.csv,S-A13.csv,.csv,S-Dataset,132,1654726,True,5ae24236b3e0dc404e0d66eb4e3b40b697b9895521ec79c484b27dcfe0fb90fb,Smartphone (S),Synchronised,Uncategorised,Unknown
Unsynchronised V and S Dataset/Uncategorised IOVNB (V and S) Dataset/S-Dataset/S-A2.csv,S-A2.csv,.csv,S-Dataset,132,2114097,True,274f08e89892f21e6c8b7d0b5d68e878098d7e75b78d1fda214cbc72bb4ab21d,Smartphone (S),Synchronised,Uncategorised,Unknown
Unsynchronised V and S Dataset/Uncategorised IOVNB (V and S) Dataset/S-Dataset/S-A3.csv,S-A3.csv,.csv,S-Dataset,132,2003758,True,235d6258bf44576ec50ad063019a4d5f5707c1c7a4daffb2aa6e86752a2fc36e,Smartphone (S),Synchronised,Uncategorised,Unknown
Unsynchronised V and S Dataset/Uncategorised IOVNB (V and S) Dataset/S-Dataset/S-A4.csv,S-A4.csv,.csv,S-Dataset,132,5884413,True,b9255e5bf8a7d9c871f7569fefc0a0971e7b1aff6e3cc80a7bb50451841b4c4d,Smartphone (S),Synchronised,Uncategorised,Unknown
Unsynchronised V and S Dataset/Uncategorised IOVNB (V and S) Dataset/S-Dataset/S-A5.csv,S-A5.csv,.csv,S-Dataset,133,15172267,True,811a9bb4c003bb3c15e68ed99faa8c05d9b5fa2394baaf18425bddbb9ebed523,Smartphone (S),Synchronised,Uncategorised,Unknown
Unsynchronised V and S Dataset/Uncategorised IOVNB (V and S) Dataset/S-Dataset/S-A6.csv,S-A6.csv,.csv,S-Dataset,133,15372302,True,84efa25088fd8ea4487f126e770eedf4979ef9050442c9e1d98681f12295af61,Smartphone (S),Synchronised,Uncategorised,Unknown
Unsynchronised V and S Dataset/Uncategorised IOVNB (V and S) Dataset/S-Dataset/S-A7.csv,S-A7.csv,.csv,S-Dataset,132,7790641,True,0315c2a0372a80d8232e59418681884ec220404dfe8961adabc6911645908364,Smartphone (S),Synchronised,Uncategorised,Unknown
Unsynchronised V and S Dataset/Uncategorised IOVNB (V and S) Dataset/S-Dataset/S-A8.csv,S-A8.csv,.csv,S-Dataset,133,11875802,True,a621628a167ed2a8bd19df2f35de0381be2a5836d328918cc3b6187e3da279d9,Smartphone (S),Synchronised,Uncategorised,Unknown
Unsynchronised V and S Dataset/Uncategorised IOVNB (V and S) Dataset/S-Dataset/S-A9.csv,S-A9.csv,.csv,S-Dataset,132,2260778,True,a832cd8b9175e0c8f2ced8dcff686da6bfaa2a3d97bc2c25c800032650ad40f9,Smartphone (S),Synchronised,Uncategorised,Unknown
Unsynchronised V and S Dataset/Uncategorised IOVNB (V and S) Dataset/S-Dataset/S-I.csv,S-I.csv,.csv,S-Dataset,131,983096,True,eb764c90baae81396923cefb79fff8c438ebd3647c0c67a478544a51ef642ca0,Smartphone (S),Synchronised,Uncategorised,Unknown
Unsynchronised V and S Dataset/Uncategorised IOVNB (V and S) Dataset/S-Dataset/S-M.csv,S-M.csv,.csv,S-Dataset,133,19798721,True,26a1ee080da4db98e175e15d6fec631e6f8c285c13817d9d74ecc90ed280d103,Smartphone (S),Synchronised,Uncategorised,Driver B (UK)
Unsynchronised V and S Dataset/Uncategorised IOVNB (V and S) Dataset/S-Dataset/S-S1.csv,S-S1.csv,.csv,S-Dataset,132,9631499,True,e79a2eea18143b825438f9a11c7d724a97c9e18329776defd4d9291d03d4aaca,Smartphone (S),Synchronised,Uncategorised,Driver A (UK)
Unsynchronised V and S Dataset/Uncategorised IOVNB (V and S) Dataset/S-Dataset/S-S2.csv,S-S2.csv,.csv,S-Dataset,133,17469302,True,8f48d68ef4ab225c8381af6fb8ec0f36fe6f6048977eeebecc74cfec50d13cb8,Smartphone (S),Synchronised,Uncategorised,Driver A (UK)
Unsynchronised V and S Dataset/Uncategorised IOVNB (V and S) Dataset/S-Dataset/S-S3a.csv,S-S3a.csv,.csv,S-Dataset,132,4580130,True,b9e45dc8d856271f0a69030b7dd98f32c6b6b88b627138d67e8d3a1b7c5329fe,Smartphone (S),Synchronised,Uncategorised,Driver A (UK)
Unsynchronised V and S Dataset/Uncategorised IOVNB (V and S) Dataset/S-Dataset/S-S3b.csv,S-S3b.csv,.csv,S-Dataset,132,1297427,True,b4d103f19dc93cc422393360b0b1baa26797bc24cc59230db927e6cd1c044d9e,Smartphone (S),Synchronised,Uncategorised,Driver A (UK)
Unsynchronised V and S Dataset/Uncategorised IOVNB (V and S) Dataset/S-Dataset/S-S3c.csv,S-S3c.csv,.csv,S-Dataset,132,6881631,True,b87fa6978d7d50087ca63bfee5230692013485aaccef5474dbc847a9c1498739,Smartphone (S),Synchronised,Uncategorised,Driver A (UK)
Unsynchronised V and S Dataset/Uncategorised IOVNB (V and S) Dataset/S-Dataset/S-S4.csv,S-S4.csv,.csv,S-Dataset,133,17574514,True,a2bb1e1eb28d111f84963240c54b790f32366f6c5b09dff1713770b52d3f5616,Smartphone (S),Synchronised,Uncategorised,Driver A (UK)
Unsynchronised V and S Dataset/Uncategorised IOVNB (V and S) Dataset/S-Dataset/S-T1.csv,S-T1.csv,.csv,S-Dataset,132,3801675,True,95c06470898ec471bb154647bbdd6b20e5ec985c456ad481fe419f45ffb8d44d,Smartphone (S),Synchronised,Uncategorised,Driver F/G/H (France/Nigeria)
Unsynchronised V and S Dataset/Uncategorised IOVNB (V and S) Dataset/S-Dataset/S-T10.csv,S-T10.csv,.csv,S-Dataset,132,1221658,True,fa027d79f094ae9c0da4d1ba0577adea71519a196bc72f403983c7fb56a66c4a,Smartphone (S),Synchronised,Uncategorised,Driver F/G/H (France/Nigeria)
Unsynchronised V and S Dataset/Uncategorised IOVNB (V and S) Dataset/S-Dataset/S-T11.csv,S-T11.csv,.csv,S-Dataset,132,1030228,True,7cb6d3ae941f4fb4610ce167720e668bef90924d3f9e4b14e388d342602a47f5,Smartphone (S),Synchronised,Uncategorised,Driver F/G/H (France/Nigeria)
Unsynchronised V and S Dataset/Uncategorised IOVNB (V and S) Dataset/S-Dataset/S-T2.csv,S-T2.csv,.csv,S-Dataset,133,11342719,True,1600dfb62bb8d8926ca5ab756d56adefda4ff441348a820fd65bff066e975bff,Smartphone (S),Synchronised,Uncategorised,Driver F/G/H (France/Nigeria)
Unsynchronised V and S Dataset/Uncategorised IOVNB (V and S) Dataset/S-Dataset/S-T3.csv,S-T3.csv,.csv,S-Dataset,132,9838523,True,104a2b475226a5f4b65e2575f572d86382df3db2402785daa360154c2aee1856,Smartphone (S),Synchronised,Uncategorised,Driver F/G/H (France/Nigeria)
Unsynchronised V and S Dataset/Uncategorised IOVNB (V and S) Dataset/S-Dataset/S-T4.csv,S-T4.csv,.csv,S-Dataset,133,11029809,True,cffeb53c595758a6119476f60cd03fe6c8bf8907cfcc63afbeef1e7259749e62,Smartphone (S),Synchronised,Uncategorised,Driver F/G/H (France/Nigeria)
Unsynchronised V and S Dataset/Uncategorised IOVNB (V and S) Dataset/S-Dataset/S-T5.csv,S-T5.csv,.csv,S-Dataset,132,7021030,True,b619e4d2e8f804e00080f3789684a1458a597993ab260e0c99fbf661b26130ab,Smartphone (S),Synchronised,Uncategorised,Driver F/G/H (France/Nigeria)
Unsynchronised V and S Dataset/Uncategorised IOVNB (V and S) Dataset/S-Dataset/S-T6.csv,S-T6.csv,.csv,S-Dataset,133,12912624,True,0da7149843ae7fb71554843c911dc96df30df95f3c7e3e02881560da7a3d9760,Smartphone (S),Synchronised,Uncategorised,Driver F/G/H (France/Nigeria)
Unsynchronised V and S Dataset/Uncategorised IOVNB (V and S) Dataset/S-Dataset/S-T7.csv,S-T7.csv,.csv,S-Dataset,133,15381654,True,4224ed025a6f6d82cf1f7022b50e584f4dccf440466fb995e3ba3fa85a380697,Smartphone (S),Synchronised,Uncategorised,Driver F/G/H (France/Nigeria)
Unsynchronised V and S Dataset/Uncategorised IOVNB (V and S) Dataset/S-Dataset/S-T8.csv,S-T8.csv,.csv,S-Dataset,132,7229081,True,61a97e57d7bf63adc9d675a274f652d100720b7c6fd1e2e76e9ea7af7a6c4bf6,Smartphone (S),Synchronised,Uncategorised,Driver F/G/H (France/Nigeria)
Unsynchronised V and S Dataset/Uncategorised IOVNB (V and S) Dataset/S-Dataset/S-T9.csv,S-T9.csv,.csv,S-Dataset,133,11946986,True,da2dd80204264d31b7cd40b6d315f97d73328233a4cb88ddde03187195b29831,Smartphone (S),Synchronised,Uncategorised,Driver F/G/H (France/Nigeria)
Unsynchronised V and S Dataset/Uncategorised IOVNB (V and S) Dataset/S-Dataset/S-Vfa01.csv,S-Vfa01.csv,.csv,S-Dataset,132,2134667,True,7f46f770cd49c85185446420bc10db9e7a9ffe4aa190e3b1cc1111220eab04b2,Smartphone (S),Synchronised,Uncategorised,Driver E (UK)
Unsynchronised V and S Dataset/Uncategorised IOVNB (V and S) Dataset/S-Dataset/S-Vfa02.csv,S-Vfa02.csv,.csv,S-Dataset,133,12603657,True,ec666af90866254a55578f4e9371860b64602cad0694b02defcc56eec5d85a44,Smartphone (S),Synchronised,Uncategorised,Driver E (UK)
Unsynchronised V and S Dataset/Uncategorised IOVNB (V and S) Dataset/S-Dataset/S-Vta10.csv,S-Vta10.csv,.csv,S-Dataset,131,279232,True,212ba000dbad28b3375cb0e6a3b205a0415be2f3248ecff35e0c3db0089cf0a7,Smartphone (S),Synchronised,Uncategorised,Driver E (UK)
Unsynchronised V and S Dataset/Uncategorised IOVNB (V and S) Dataset/S-Dataset/S-Vta11.csv,S-Vta11.csv,.csv,S-Dataset,130,95272,True,af147288035d510dc6b315959b7b36dc63d5b327d57c8a9578bc573c18734128,Smartphone (S),Synchronised,Uncategorised,Driver E (UK)
Unsynchronised V and S Dataset/Uncategorised IOVNB (V and S) Dataset/S-Dataset/S-Vta12.csv,S-Vta12.csv,.csv,S-Dataset,131,114418,True,9dc5cfe05e00e91feb1f6bf45e19e2c152567776bc6507bfaf037ffa63cd8662,Smartphone (S),Synchronised,Uncategorised,Driver E (UK)
Unsynchronised V and S Dataset/Uncategorised IOVNB (V and S) Dataset/S-Dataset/S-Vta13.csv,S-Vta13.csv,.csv,S-Dataset,130,76217,True,b4a8f30e4fa8c1399c9c4d58a8220305d233e99789f2997e47be9dbb2dfa1eb0,Smartphone (S),Synchronised,Uncategorised,Driver E (UK)
Unsynchronised V and S Dataset/Uncategorised IOVNB (V and S) Dataset/S-Dataset/S-Vta14.csv,S-Vta14.csv,.csv,S-Dataset,131,540523,True,49535f49178bb6c542a62fe57747adc19164fbf3a4a7b0afee19d5cc2bee6894,Smartphone (S),Synchronised,Uncategorised,Driver E (UK)
Unsynchronised V and S Dataset/Uncategorised IOVNB (V and S) Dataset/S-Dataset/S-Vta15.csv,S-Vta15.csv,.csv,S-Dataset,131,156907,True,9404fbd7420b32f5ca6f369e8a1377bbf854b5b6e3ee38a137c67bf73db5d7f7,Smartphone (S),Synchronised,Uncategorised,Driver E (UK)
Unsynchronised V and S Dataset/Uncategorised IOVNB (V and S) Dataset/S-Dataset/S-Vta16.csv,S-Vta16.csv,.csv,S-Dataset,132,2111083,True,efef0aa0fae9e4cc0a40a85335a013fccb96797175819d46d97dfb13a854ce02,Smartphone (S),Synchronised,Uncategorised,Driver E (UK)
Unsynchronised V and S Dataset/Uncategorised IOVNB (V and S) Dataset/S-Dataset/S-Vta17.csv,S-Vta17.csv,.csv,S-Dataset,131,839635,True,d918e507f6cf2b0c38004a61e90211e0c43c0a69fe268b468bb0471d80b439ab,Smartphone (S),Synchronised,Uncategorised,Driver E (UK)
Unsynchronised V and S Dataset/Uncategorised IOVNB (V and S) Dataset/S-Dataset/S-Vta19.csv,S-Vta19.csv,.csv,S-Dataset,130,54578,True,695cf51819c0f0f8b7894df11af667ab2e819bfff991330ceb8d4a3492a22428,Smartphone (S),Synchronised,Uncategorised,Driver E (UK)
Unsynchronised V and S Dataset/Uncategorised IOVNB (V and S) Dataset/S-Dataset/S-Vta1a.csv,S-Vta1a.csv,.csv,S-Dataset,132,4766740,True,19b9d26888e58c71e28ca6de34dd423e9a779a29b1cf0976d3b2f4f7dac56601,Smartphone (S),Synchronised,Uncategorised,Driver E (UK)
Unsynchronised V and S Dataset/Uncategorised IOVNB (V and S) Dataset/S-Dataset/S-Vta1b.csv,S-Vta1b.csv,.csv,S-Dataset,131,178260,True,aca49109fc93729d942d13e2008699ac4471fcffae38396127fffaecbe42d5d7,Smartphone (S),Synchronised,Uncategorised,Driver E (UK)
Unsynchronised V and S Dataset/Uncategorised IOVNB (V and S) Dataset/S-Dataset/S-Vta2.csv,S-Vta2.csv,.csv,S-Dataset,132,2038713,True,97ef388d6e5cc3ce17ae3d56d69c77052e5d51a6234176eb95a5e4de6cec7fe5,Smartphone (S),Synchronised,Uncategorised,Driver E (UK)
Unsynchronised V and S Dataset/Uncategorised IOVNB (V and S) Dataset/S-Dataset/S-Vta20.csv,S-Vta20.csv,.csv,S-Dataset,131,582891,True,82c7e730c3aefbc0bbdc6fc9b9d3d6c20071e392bbdf34b78736f54e99632260,Smartphone (S),Synchronised,Uncategorised,Driver E (UK)
Unsynchronised V and S Dataset/Uncategorised IOVNB (V and S) Dataset/S-Dataset/S-Vta21.csv,S-Vta21.csv,.csv,S-Dataset,131,388495,True,f22951b5bc4fed96a34f9affcb7c1c7118a4461ba8f3c22d910398a5f44d248c,Smartphone (S),Synchronised,Uncategorised,Driver E (UK)
Unsynchronised V and S Dataset/Uncategorised IOVNB (V and S) Dataset/S-Dataset/S-Vta22.csv,S-Vta22.csv,.csv,S-Dataset,131,290331,True,9291970633a370e9f89e966b1790193f80ccce7b4c32a162ac2eed0a1a2b4a82,Smartphone (S),Synchronised,Uncategorised,Driver E (UK)
Unsynchronised V and S Dataset/Uncategorised IOVNB (V and S) Dataset/S-Dataset/S-Vta23.csv,S-Vta23.csv,.csv,S-Dataset,131,206507,True,c5f9f4161bd33ec880d4cabab48189a02db647f86315860dd21bb48f5764cd75,Smartphone (S),Synchronised,Uncategorised,Driver E (UK)
Unsynchronised V and S Dataset/Uncategorised IOVNB (V and S) Dataset/S-Dataset/S-Vta24.csv,S-Vta24.csv,.csv,S-Dataset,131,217212,True,ae6059b51b52fd216c38f4f9f26893207fec80e5a9c75991a51c709b1766f8ce,Smartphone (S),Synchronised,Uncategorised,Driver E (UK)
Unsynchronised V and S Dataset/Uncategorised IOVNB (V and S) Dataset/S-Dataset/S-Vta25.csv,S-Vta25.csv,.csv,S-Dataset,131,118562,True,9ff0c54126af8ccb8bd2707f2cb01505b87d823b74898a55999c312ae3ac69a1,Smartphone (S),Synchronised,Uncategorised,Driver E (UK)
Unsynchronised V and S Dataset/Uncategorised IOVNB (V and S) Dataset/S-Dataset/S-Vta26.csv,S-Vta26.csv,.csv,S-Dataset,131,358553,True,d2d0de4a8ff2793825af978523c888e3579c788c98db13542b19f429288bf4d9,Smartphone (S),Synchronised,Uncategorised,Driver E (UK)
Unsynchronised V and S Dataset/Uncategorised IOVNB (V and S) Dataset/S-Dataset/S-Vta27.csv,S-Vta27.csv,.csv,S-Dataset,131,471023,True,9607f8bbfcb7e92021b113e0971be3f8fec50267d9a4abae875d1062ab10d6d6,Smartphone (S),Synchronised,Uncategorised,Driver E (UK)
Unsynchronised V and S Dataset/Uncategorised IOVNB (V and S) Dataset/S-Dataset/S-Vta28.csv,S-Vta28.csv,.csv,S-Dataset,131,781902,True,30bece8d988e898902ad4e77d090ea33c80486222293104f78d42bd8611e03fa,Smartphone (S),Synchronised,Uncategorised,Driver E (UK)
Unsynchronised V and S Dataset/Uncategorised IOVNB (V and S) Dataset/S-Dataset/S-Vta29.csv,S-Vta29.csv,.csv,S-Dataset,132,4387027,True,dc24cf9cd6b8cce2553f283d5c042396d7a4df29b7094321a09585e65d996476,Smartphone (S),Synchronised,Uncategorised,Driver E (UK)
Unsynchronised V and S Dataset/Uncategorised IOVNB (V and S) Dataset/S-Dataset/S-Vta3.csv,S-Vta3.csv,.csv,S-Dataset,131,116809,True,7c5479fc893131a8c4d75daf73c3b5ae25512a1e194a6ced50fa24633de0f215,Smartphone (S),Synchronised,Uncategorised,Driver E (UK)
Unsynchronised V and S Dataset/Uncategorised IOVNB (V and S) Dataset/S-Dataset/S-Vta30.csv,S-Vta30.csv,.csv,S-Dataset,132,3175640,True,d6f65e16288c2fd1150435bca4c2383e323d55935824a8ae21799a8563271ccb,Smartphone (S),Synchronised,Uncategorised,Driver E (UK)
Unsynchronised V and S Dataset/Uncategorised IOVNB (V and S) Dataset/S-Dataset/S-Vta4.csv,S-Vta4.csv,.csv,S-Dataset,131,331302,True,0d16cd6deaddf30a98461a546ce47621f4b57fa3fd902623765bad1dd83c0887,Smartphone (S),Synchronised,Uncategorised,Driver E (UK)
Unsynchronised V and S Dataset/Uncategorised IOVNB (V and S) Dataset/S-Dataset/S-Vta5.csv,S-Vta5.csv,.csv,S-Dataset,130,57485,True,b9030167541be560621a7aa9ef6a89710cb666ec47ad204f65cb1d96f7606fa0,Smartphone (S),Synchronised,Uncategorised,Driver E (UK)
Unsynchronised V and S Dataset/Uncategorised IOVNB (V and S) Dataset/S-Dataset/S-Vta6.csv,S-Vta6.csv,.csv,S-Dataset,131,254665,True,15ad54e093b7ff783a88db02952fe634ba5b640173c93462d28152f71dcfa8a5,Smartphone (S),Synchronised,Uncategorised,Driver E (UK)
Unsynchronised V and S Dataset/Uncategorised IOVNB (V and S) Dataset/S-Dataset/S-Vta7.csv,S-Vta7.csv,.csv,S-Dataset,131,155360,True,eb6e66dbb3397aea7af0c93fe212e9ca0fc8310341083ce64652fe7842248acf,Smartphone (S),Synchronised,Uncategorised,Driver E (UK)
Unsynchronised V and S Dataset/Uncategorised IOVNB (V and S) Dataset/S-Dataset/S-Vta8.csv,S-Vta8.csv,.csv,S-Dataset,131,678900,True,cc1b57b0b539f1e756662c49ff4c4925d66e44396ad283e4d5fa472024675dec,Smartphone (S),Synchronised,Uncategorised,Driver E (UK)
Unsynchronised V and S Dataset/Uncategorised IOVNB (V and S) Dataset/S-Dataset/S-Vta9.csv,S-Vta9.csv,.csv,S-Dataset,130,29554,True,150b73335a4283e2aba5aa8c5320d32271bf20546005e7f5f60918d8381f5475,Smartphone (S),Synchronised,Uncategorised,Driver E (UK)
Unsynchronised V and S Dataset/Uncategorised IOVNB (V and S) Dataset/S-Dataset/S-Vtb1.csv,S-Vtb1.csv,.csv,S-Dataset,132,6052896,True,7bdca3360c9411c58fdc41e4366fc79f336b087fd89c6d295976504c5e559e64,Smartphone (S),Synchronised,Uncategorised,Driver E (UK)
Unsynchronised V and S Dataset/Uncategorised IOVNB (V and S) Dataset/S-Dataset/S-Vtb10.csv,S-Vtb10.csv,.csv,S-Dataset,130,37176,True,b81e128fd1594a0730f36d285c1c447d17a370e6637616e4017b44ff3c714742,Smartphone (S),Synchronised,Uncategorised,Driver E (UK)
Unsynchronised V and S Dataset/Uncategorised IOVNB (V and S) Dataset/S-Dataset/S-Vtb11.csv,S-Vtb11.csv,.csv,S-Dataset,130,68659,True,cd3ec5fb7285089c5e37e8f42e7e899875839b7911ebec77751d8b1a01d90510,Smartphone (S),Synchronised,Uncategorised,Driver E (UK)
Unsynchronised V and S Dataset/Uncategorised IOVNB (V and S) Dataset/S-Dataset/S-Vtb12.csv,S-Vtb12.csv,.csv,S-Dataset,130,83892,True,00e8dc12482919e0cfc43218275390f295c3f3b75e34ebeef0ade8b4809a3f5a,Smartphone (S),Synchronised,Uncategorised,Driver E (UK)
Unsynchronised V and S Dataset/Uncategorised IOVNB (V and S) Dataset/S-Dataset/S-Vtb2.csv,S-Vtb2.csv,.csv,S-Dataset,132,1053029,True,6552ab344fe50a0163f980f3d852fef80ac8520530985902206eb7d15b44cfb1,Smartphone (S),Synchronised,Uncategorised,Driver E (UK)
Unsynchronised V and S Dataset/Uncategorised IOVNB (V and S) Dataset/S-Dataset/S-Vtb3.csv,S-Vtb3.csv,.csv,S-Dataset,132,1530275,True,7cadb0617ec69513de0ee718c707acc72cdb76261ec0ab33e629d8354cbaf883,Smartphone (S),Synchronised,Uncategorised,Driver E (UK)
Unsynchronised V and S Dataset/Uncategorised IOVNB (V and S) Dataset/S-Dataset/S-Vtb4.csv,S-Vtb4.csv,.csv,S-Dataset,131,103090,True,cdc2626adc124083a440cefb8a5ed0299e4c5e25aa4a5612316fb3dc784708c4,Smartphone (S),Synchronised,Uncategorised,Driver E (UK)
Unsynchronised V and S Dataset/Uncategorised IOVNB (V and S) Dataset/S-Dataset/S-Vtb5.csv,S-Vtb5.csv,.csv,S-Dataset,133,12010333,True,4753710832962b5ce8452cf62e314f81744a51dfa166f57f4dd7f678d4a199e8,Smartphone (S),Synchronised,Uncategorised,Driver E (UK)
Unsynchronised V and S Dataset/Uncategorised IOVNB (V and S) Dataset/S-Dataset/S-Vtb6.csv,S-Vtb6.csv,.csv,S-Dataset,130,94210,True,8ab4e1f0373173eb17f93426a6a2de2c1f01080fbc915c56443308256da28baa,Smartphone (S),Synchronised,Uncategorised,Driver E (UK)
Unsynchronised V and S Dataset/Uncategorised IOVNB (V and S) Dataset/S-Dataset/S-Vtb7.csv,S-Vtb7.csv,.csv,S-Dataset,130,87349,True,b798d898dc371334ce8627ed416fcbfc423852b204993bdfe884a2dc11b56696,Smartphone (S),Synchronised,Uncategorised,Driver E (UK)
Unsynchronised V and S Dataset/Uncategorised IOVNB (V and S) Dataset/S-Dataset/S-Vtb8.csv,S-Vtb8.csv,.csv,S-Dataset,131,126023,True,cdd40e3a04fe2f39eddf8dbaac68db124e0a1d858e70d08992ebc81708701e16,Smartphone (S),Synchronised,Uncategorised,Driver E (UK)
Unsynchronised V and S Dataset/Uncategorised IOVNB (V and S) Dataset/S-Dataset/S-Vtb9.csv,S-Vtb9.csv,.csv,S-Dataset,130,85640,True,0a9dcbe6816e28e6c663f1b90668d37e024f314ee9bc91a674d49eb28b7fb01c,Smartphone (S),Synchronised,Uncategorised,Driver E (UK)
Unsynchronised V and S Dataset/Uncategorised IOVNB (V and S) Dataset/S-Dataset/S-Vw1.csv,S-Vw1.csv,.csv,S-Dataset,132,3524952,True,41fb71ae3223748b2c0513d5b58338f92f25c85a5dd4e2816a932b263cf5f05b,Smartphone (S),Synchronised,Uncategorised,Driver E (UK)
Unsynchronised V and S Dataset/Uncategorised IOVNB (V and S) Dataset/S-Dataset/S-Vw10.csv,S-Vw10.csv,.csv,S-Dataset,131,123092,True,b2aa8e3d7bae40e9f17cd20fe4c80d79f34b012a07e3b8aeb0eedf5ed42b7790,Smartphone (S),Synchronised,Uncategorised,Driver E (UK)
Unsynchronised V and S Dataset/Uncategorised IOVNB (V and S) Dataset/S-Dataset/S-Vw11.csv,S-Vw11.csv,.csv,S-Dataset,131,924189,True,b9dd70fc7282ba469fdf8835062286bb3cb53bbf4f6d3d2dff4d71c5b597a5c1,Smartphone (S),Synchronised,Uncategorised,Driver E (UK)
Unsynchronised V and S Dataset/Uncategorised IOVNB (V and S) Dataset/S-Dataset/S-Vw12.csv,S-Vw12.csv,.csv,S-Dataset,131,170958,True,e5598004be4250cba1361d3b7fea8cb45526ce6e8b8efb7466c5a03a2e6fd57e,Smartphone (S),Synchronised,Uncategorised,Driver E (UK)
Unsynchronised V and S Dataset/Uncategorised IOVNB (V and S) Dataset/S-Dataset/S-Vw13.csv,S-Vw13.csv,.csv,S-Dataset,130,53041,True,8dbdb8d7c3c0790c66dc33bfffd3eb98d59010f849ef15bdf7097b67f23b8733,Smartphone (S),Synchronised,Uncategorised,Driver E (UK)
Unsynchronised V and S Dataset/Uncategorised IOVNB (V and S) Dataset/S-Dataset/S-Vw14a.csv,S-Vw14a.csv,.csv,S-Dataset,131,585872,True,de5b5da05baa7bedd0d9fa66c6faa908823ab731849c1dad0156d400252e4646,Smartphone (S),Synchronised,Uncategorised,Driver E (UK)
Unsynchronised V and S Dataset/Uncategorised IOVNB (V and S) Dataset/S-Dataset/S-Vw14b.csv,S-Vw14b.csv,.csv,S-Dataset,132,3668924,True,5f13f8ede6117bb26ea26f977f19282415dc4064368b6ad3a502c8d3c1150b3f,Smartphone (S),Synchronised,Uncategorised,Driver E (UK)
Unsynchronised V and S Dataset/Uncategorised IOVNB (V and S) Dataset/S-Dataset/S-Vw14c.csv,S-Vw14c.csv,.csv,S-Dataset,132,2957471,True,ce97c12ec0c9cff740dfe3a18e17aa0be0b8b7ec43bc53daa01b357dd6bf11d7,Smartphone (S),Synchronised,Uncategorised,Driver E (UK)
Unsynchronised V and S Dataset/Uncategorised IOVNB (V and S) Dataset/S-Dataset/S-Vw15.csv,S-Vw15.csv,.csv,S-Dataset,131,254039,True,7e440cc28168a538f694c07d24b374c75af7cce13cb108e342f5eb2ef5633728,Smartphone (S),Synchronised,Uncategorised,Driver E (UK)
Unsynchronised V and S Dataset/Uncategorised IOVNB (V and S) Dataset/S-Dataset/S-Vw16a.csv,S-Vw16a.csv,.csv,S-Dataset,132,1100323,True,1b25f604e07545448be54970cd480b23bc7a37814118d6b86dad10ff29ba8d0f,Smartphone (S),Synchronised,Uncategorised,Driver E (UK)
Unsynchronised V and S Dataset/Uncategorised IOVNB (V and S) Dataset/S-Dataset/S-Vw16b.csv,S-Vw16b.csv,.csv,S-Dataset,131,211892,True,817fd5f786beebb804b39e00c0da1a541e37074b7dcb843fdb43ea94dbefa190,Smartphone (S),Synchronised,Uncategorised,Driver E (UK)
Unsynchronised V and S Dataset/Uncategorised IOVNB (V and S) Dataset/S-Dataset/S-Vw17.csv,S-Vw17.csv,.csv,S-Dataset,130,62489,True,cc55c4ce1a945a78ccfa71d3f3e290a30145f88610d1e6cbc541cb1c48cd6ce4,Smartphone (S),Synchronised,Uncategorised,Driver E (UK)
Unsynchronised V and S Dataset/Uncategorised IOVNB (V and S) Dataset/S-Dataset/S-Vw2.csv,S-Vw2.csv,.csv,S-Dataset,132,9883172,True,c153268bf5f53e173934f50084c598d0c29ba93aad4a3b50b14a314d5402dbab,Smartphone (S),Synchronised,Uncategorised,Driver E (UK)
Unsynchronised V and S Dataset/Uncategorised IOVNB (V and S) Dataset/S-Dataset/S-Vw3.csv,S-Vw3.csv,.csv,S-Dataset,131,720455,True,6fa0f3d88a6c7c80cf7adf82b9e969d2de489e799b4f9a604758c8ce479ce7a3,Smartphone (S),Synchronised,Uncategorised,Driver E (UK)
Unsynchronised V and S Dataset/Uncategorised IOVNB (V and S) Dataset/S-Dataset/S-Vw4.csv,S-Vw4.csv,.csv,S-Dataset,133,23607418,True,0d79ef3cd96f48b611e5da7dd14f4cb6ed0f1f747d247d26847918545440b9d3,Smartphone (S),Synchronised,Uncategorised,Driver E (UK)
Unsynchronised V and S Dataset/Uncategorised IOVNB (V and S) Dataset/S-Dataset/S-Vw5.csv,S-Vw5.csv,.csv,S-Dataset,131,188883,True,0750e1ddccb84440e4984f308872a2ff20c64019b64e27815d79496a7e6dbce6,Smartphone (S),Synchronised,Uncategorised,Driver E (UK)
Unsynchronised V and S Dataset/Uncategorised IOVNB (V and S) Dataset/S-Dataset/S-Vw6.csv,S-Vw6.csv,.csv,S-Dataset,131,238315,True,9543a52492106a1ee4ad815f5a2f183e2f7142979f4edb2ae34755d0c4b3a087,Smartphone (S),Synchronised,Uncategorised,Driver E (UK)
Unsynchronised V and S Dataset/Uncategorised IOVNB (V and S) Dataset/S-Dataset/S-Vw7.csv,S-Vw7.csv,.csv,S-Dataset,131,300843,True,953176680614bf889a938ee4cc940227d820206a2f58942f8a5ff74ada4e7b2f,Smartphone (S),Synchronised,Uncategorised,Driver E (UK)
Unsynchronised V and S Dataset/Uncategorised IOVNB (V and S) Dataset/S-Dataset/S-Vw8.csv,S-Vw8.csv,.csv,S-Dataset,131,287123,True,f1321e689b66128e7b116b9aedb0e8e5304f9566781f8111c4d1f4a933c543a2,Smartphone (S),Synchronised,Uncategorised,Driver E (UK)
Unsynchronised V and S Dataset/Uncategorised IOVNB (V and S) Dataset/S-Dataset/S-Vw9.csv,S-Vw9.csv,.csv,S-Dataset,131,103572,True,40d96f99b100518c0f2dbe6bf9dbfc94b89e25c865b3d1e6b795d132127d917c,Smartphone (S),Synchronised,Uncategorised,Driver E (UK)
Unsynchronised V and S Dataset/Uncategorised IOVNB (V and S) Dataset/S-Dataset/S-Y1.csv,S-Y1.csv,.csv,S-Dataset,133,13039543,True,cf17b89f6eec6872de2412f8a17a82ab9821a881c20cbcadc23d867d9e1dde84,Smartphone (S),Synchronised,Uncategorised,Driver D (UK)
Unsynchronised V and S Dataset/Uncategorised IOVNB (V and S) Dataset/V-Dataset/V-M.csv,V-M.csv,.csv,V-Dataset,133,21659868,True,b7d62314fbcf376310f503e6dc664e0672d095926523297b5a539a7b29a9cad0,Vehicle (V),Synchronised,Uncategorised,Driver B (UK)
Unsynchronised V and S Dataset/Uncategorised IOVNB (V and S) Dataset/V-Dataset/V-S1.csv,V-S1.csv,.csv,V-Dataset,133,10505959,True,2e086e38c5d1787fcb67500bf34e2097a4e6708ce9479018f00bdf5cb119552e,Vehicle (V),Synchronised,Uncategorised,Driver A (UK)
Unsynchronised V and S Dataset/Uncategorised IOVNB (V and S) Dataset/V-Dataset/V-S2.csv,V-S2.csv,.csv,V-Dataset,133,19297256,True,fe19bd930b9503304fd9ca807501b39170ddba6c828edb09caa9d19acc70a88f,Vehicle (V),Synchronised,Uncategorised,Driver A (UK)
Unsynchronised V and S Dataset/Uncategorised IOVNB (V and S) Dataset/V-Dataset/V-S3a.csv,V-S3a.csv,.csv,V-Dataset,132,5089354,True,aff9b34045c90e930b8c759770d435df4f136f97ce532593829c57e112277600,Vehicle (V),Synchronised,Uncategorised,Driver A (UK)
Unsynchronised V and S Dataset/Uncategorised IOVNB (V and S) Dataset/V-Dataset/V-S3b.csv,V-S3b.csv,.csv,V-Dataset,132,1410120,True,a644af9c4f30e17743bbf4f0ee75652cb003ca4369dfa4f9f1452d1ca3ffe389,Vehicle (V),Synchronised,Uncategorised,Driver A (UK)
Unsynchronised V and S Dataset/Uncategorised IOVNB (V and S) Dataset/V-Dataset/V-S3c.csv,V-S3c.csv,.csv,V-Dataset,132,7687239,True,9a4ff741b9581eb24797aff592479f3ce821f1272c91e7e23a30c8cb81d1e918,Vehicle (V),Synchronised,Uncategorised,Driver A (UK)
Unsynchronised V and S Dataset/Uncategorised IOVNB (V and S) Dataset/V-Dataset/V-S4.csv,V-S4.csv,.csv,V-Dataset,133,19863006,True,8bea1d9748bc5e3237c1aa512692f79ba4e5eb52b1defe1f88b13bf851886538,Vehicle (V),Synchronised,Uncategorised,Driver A (UK)
Unsynchronised V and S Dataset/Uncategorised IOVNB (V and S) Dataset/V-Dataset/V-St1.csv,V-St1.csv,.csv,V-Dataset,133,11545416,True,d386dd533a38e6a8e053788f274c619b3a2bcd097daa0983144b491573ca9237,Vehicle (V),Synchronised,Uncategorised,Driver A (UK)
Unsynchronised V and S Dataset/Uncategorised IOVNB (V and S) Dataset/V-Dataset/V-St4.csv,V-St4.csv,.csv,V-Dataset,132,2794203,True,8d1849f9a61a7612e70c4326d747ddd4a6c41a33ad812eb68e42f8d6b2934e6d,Vehicle (V),Synchronised,Uncategorised,Driver A (UK)
Unsynchronised V and S Dataset/Uncategorised IOVNB (V and S) Dataset/V-Dataset/V-St6.csv,V-St6.csv,.csv,V-Dataset,133,10437990,True,a1e027d958baca7a2a12cbf927f4998e26d635f3e1ad211bb13db7927b3e227c,Vehicle (V),Synchronised,Uncategorised,Driver A (UK)
Unsynchronised V and S Dataset/Uncategorised IOVNB (V and S) Dataset/V-Dataset/V-St7.csv,V-St7.csv,.csv,V-Dataset,132,8944996,True,dff3ac18f9f2056275868af8caada86ea8c903c48c3b35d207bb808602aba88f,Vehicle (V),Synchronised,Uncategorised,Driver A (UK)
Unsynchronised V and S Dataset/Uncategorised IOVNB (V and S) Dataset/V-Dataset/V-Vfa01.csv,V-Vfa01.csv,.csv,V-Dataset,132,2398099,True,81ad22765340419e1ea88e69e2a92dc38c260f244c5aeb951c88fb668908ad37,Vehicle (V),Synchronised,Uncategorised,Driver E (UK)
Unsynchronised V and S Dataset/Uncategorised IOVNB (V and S) Dataset/V-Dataset/V-Vfa02.csv,V-Vfa02.csv,.csv,V-Dataset,133,13955001,True,bce837348c306ba343b36f2d44878f0ac1e68ada3c2852bba50056749f40ca7d,Vehicle (V),Synchronised,Uncategorised,Driver E (UK)
Unsynchronised V and S Dataset/Uncategorised IOVNB (V and S) Dataset/V-Dataset/V-Vfb01a.csv,V-Vfb01a.csv,.csv,V-Dataset,132,3363089,True,38a385d3fe81076bd82ef911f674ec34bc8954159397361614db1386f2abfdee,Vehicle (V),Synchronised,Uncategorised,Unknown
Unsynchronised V and S Dataset/Uncategorised IOVNB (V and S) Dataset/V-Dataset/V-Vfb01b.csv,V-Vfb01b.csv,.csv,V-Dataset,131,795266,True,eef2a336860a2a4a467ea7a76407b66ed602f0b8779dfa19a2be8ef16ef00ae7,Vehicle (V),Synchronised,Uncategorised,Unknown
Unsynchronised V and S Dataset/Uncategorised IOVNB (V and S) Dataset/V-Dataset/V-Vfb01c.csv,V-Vfb01c.csv,.csv,V-Dataset,132,1280169,True,25cb9562fd74e86e18c8d04aee38d6c8f65c3b4ce1bb1de8226aa22e0af08718,Vehicle (V),Synchronised,Uncategorised,Unknown
Unsynchronised V and S Dataset/Uncategorised IOVNB (V and S) Dataset/V-Dataset/V-Vfb01d.csv,V-Vfb01d.csv,.csv,V-Dataset,132,2123447,True,b41878109b774666af1698b374c2273f3c0c9092888522ac8fadaf10f3b70160,Vehicle (V),Synchronised,Uncategorised,Unknown
Unsynchronised V and S Dataset/Uncategorised IOVNB (V and S) Dataset/V-Dataset/V-Vfb02a.csv,V-Vfb02a.csv,.csv,V-Dataset,132,7418599,True,ac664839bde2f1519a0a39acf261c819066cff48409cdf12cabe3c562b8bfa30,Vehicle (V),Synchronised,Uncategorised,Unknown
Unsynchronised V and S Dataset/Uncategorised IOVNB (V and S) Dataset/V-Dataset/V-Vfb02b.csv,V-Vfb02b.csv,.csv,V-Dataset,132,2240834,True,50cc9f72afb63f25ed42b2d2bf5b09e48ec768750603c7d078b9c9bfa272ae30,Vehicle (V),Synchronised,Uncategorised,Unknown
Unsynchronised V and S Dataset/Uncategorised IOVNB (V and S) Dataset/V-Dataset/V-Vfb02c.csv,V-Vfb02c.csv,.csv,V-Dataset,131,132991,True,c68f61a381555a0c5669b9952b59d7424f1bef82fd05b1cb8fbc26bb549b12aa,Vehicle (V),Synchronised,Uncategorised,Unknown
Unsynchronised V and S Dataset/Uncategorised IOVNB (V and S) Dataset/V-Dataset/V-Vfb02d.csv,V-Vfb02d.csv,.csv,V-Dataset,131,182339,True,51dd189b27452c83f76b58e751a510cbc5d9b4e1d300396274f2efb8bd450232,Vehicle (V),Synchronised,Uncategorised,Unknown
Unsynchronised V and S Dataset/Uncategorised IOVNB (V and S) Dataset/V-Dataset/V-Vfb02e.csv,V-Vfb02e.csv,.csv,V-Dataset,131,202703,True,ebf89d496674e64391e89820fb2ad6db5a66f3204375c3abc5db1f225cabbcf3,Vehicle (V),Synchronised,Uncategorised,Unknown
Unsynchronised V and S Dataset/Uncategorised IOVNB (V and S) Dataset/V-Dataset/V-Vfb02f.csv,V-Vfb02f.csv,.csv,V-Dataset,131,136684,True,5430fd60efdb7a85fc42837e647f245a860d996c86cc73634fd7d2ab3175c5a1,Vehicle (V),Synchronised,Uncategorised,Unknown
Unsynchronised V and S Dataset/Uncategorised IOVNB (V and S) Dataset/V-Dataset/V-Vfb02g.csv,V-Vfb02g.csv,.csv,V-Dataset,132,5570770,True,09c317c6e7e3b8534459610c7b47a23787563febc6fdeae015f04f037737a878,Vehicle (V),Synchronised,Uncategorised,Unknown
Unsynchronised V and S Dataset/Uncategorised IOVNB (V and S) Dataset/V-Dataset/V-Vta10.csv,V-Vta10.csv,.csv,V-Dataset,131,321356,True,b16817eecd63a0f8bc27ae8b3490760e394391535c798587602f6feaab856001,Vehicle (V),Synchronised,Uncategorised,Driver E (UK)
Unsynchronised V and S Dataset/Uncategorised IOVNB (V and S) Dataset/V-Dataset/V-Vta11.csv,V-Vta11.csv,.csv,V-Dataset,131,122161,True,a18d901420f06dd598597716786334afd1648000037568c782429d973507028e,Vehicle (V),Synchronised,Uncategorised,Driver E (UK)
Unsynchronised V and S Dataset/Uncategorised IOVNB (V and S) Dataset/V-Dataset/V-Vta12.csv,V-Vta12.csv,.csv,V-Dataset,131,140652,True,c24b48fcf0ee5ab1be0416a5b0b5d4fc087cc65fc990f850e799e705fa1cb1bd,Vehicle (V),Synchronised,Uncategorised,Driver E (UK)
Unsynchronised V and S Dataset/Uncategorised IOVNB (V and S) Dataset/V-Dataset/V-Vta13.csv,V-Vta13.csv,.csv,V-Dataset,130,98450,True,5d9f5a8f99d21cff2f3d85ee4faec473b74c28be2c3dfc0ff1976375fc84501a,Vehicle (V),Synchronised,Uncategorised,Driver E (UK)
Unsynchronised V and S Dataset/Uncategorised IOVNB (V and S) Dataset/V-Dataset/V-Vta14.csv,V-Vta14.csv,.csv,V-Dataset,131,593318,True,27cac1b546258a188c9034560b73cf970e950213894325345570bfc1fa50b7e1,Vehicle (V),Synchronised,Uncategorised,Driver E (UK)
Unsynchronised V and S Dataset/Uncategorised IOVNB (V and S) Dataset/V-Dataset/V-Vta15.csv,V-Vta15.csv,.csv,V-Dataset,131,177465,True,c16729168b373c1aba8e71f6af00e5e92fcd232d513b2b5ac2c275586694aded,Vehicle (V),Synchronised,Uncategorised,Driver E (UK)
Unsynchronised V and S Dataset/Uncategorised IOVNB (V and S) Dataset/V-Dataset/V-Vta16.csv,V-Vta16.csv,.csv,V-Dataset,132,2312817,True,8de195165a29ddea5f138d704fb3107405d823c32e54b8d49009b120ba4894aa,Vehicle (V),Synchronised,Uncategorised,Driver E (UK)
Unsynchronised V and S Dataset/Uncategorised IOVNB (V and S) Dataset/V-Dataset/V-Vta17.csv,V-Vta17.csv,.csv,V-Dataset,131,944997,True,b866394640dd88ec9b8946f3bd8b4f4bb9e56253b4ef77fff7e23889a25d5a5d,Vehicle (V),Synchronised,Uncategorised,Driver E (UK)
Unsynchronised V and S Dataset/Uncategorised IOVNB (V and S) Dataset/V-Dataset/V-Vta18.csv,V-Vta18.csv,.csv,V-Dataset,130,21300,True,45c297e082a30cf055a7e71e889dd2c6d71b968645bcd49e14affb059be06793,Vehicle (V),Synchronised,Uncategorised,Driver E (UK)
Unsynchronised V and S Dataset/Uncategorised IOVNB (V and S) Dataset/V-Dataset/V-Vta19.csv,V-Vta19.csv,.csv,V-Dataset,130,62292,True,c52a7a642ebb61501d2ce4f805e06ca218e91d5ade7f1327f5c46d9933c33ecc,Vehicle (V),Synchronised,Uncategorised,Driver E (UK)
Unsynchronised V and S Dataset/Uncategorised IOVNB (V and S) Dataset/V-Dataset/V-Vta1a.csv,V-Vta1a.csv,.csv,V-Dataset,132,5288733,True,4857a85a1c6f13eb48f80fc695e1e339af90dff1cbf8accaa5da13dd63304a49,Vehicle (V),Synchronised,Uncategorised,Driver E (UK)
Unsynchronised V and S Dataset/Uncategorised IOVNB (V and S) Dataset/V-Dataset/V-Vta1b.csv,V-Vta1b.csv,.csv,V-Dataset,131,198110,True,23b4e70ca03acb6aadb4c1d2e68d1dd6f996e695dd56e1fb2f6ff6ffaac3b46e,Vehicle (V),Synchronised,Uncategorised,Driver E (UK)
Unsynchronised V and S Dataset/Uncategorised IOVNB (V and S) Dataset/V-Dataset/V-Vta2.csv,V-Vta2.csv,.csv,V-Dataset,132,2222734,True,7bb966aa72278f3c8fbf39510fa53fce1daccbf465e8153adb6f4d520c1bf2be,Vehicle (V),Synchronised,Uncategorised,Driver E (UK)
Unsynchronised V and S Dataset/Uncategorised IOVNB (V and S) Dataset/V-Dataset/V-Vta20.csv,V-Vta20.csv,.csv,V-Dataset,131,577317,True,17c4e9933bfb1d2c9e006dfacfc5a760532804e9fe3b1120f97b94c2c1785ffb,Vehicle (V),Synchronised,Uncategorised,Driver E (UK)
Unsynchronised V and S Dataset/Uncategorised IOVNB (V and S) Dataset/V-Dataset/V-Vta21.csv,V-Vta21.csv,.csv,V-Dataset,131,430922,True,12f6c6a3f00af8e2e5f9cdb368f5952e32986dfd437707b83fd6890893458aa8,Vehicle (V),Synchronised,Uncategorised,Driver E (UK)
Unsynchronised V and S Dataset/Uncategorised IOVNB (V and S) Dataset/V-Dataset/V-Vta22.csv,V-Vta22.csv,.csv,V-Dataset,131,323518,True,7e2e52e2b9b568ea3e1c463c7ec77e5fd56b371f3149ff3149d00482a8ca8de9,Vehicle (V),Synchronised,Uncategorised,Driver E (UK)
Unsynchronised V and S Dataset/Uncategorised IOVNB (V and S) Dataset/V-Dataset/V-Vta23.csv,V-Vta23.csv,.csv,V-Dataset,131,232810,True,b3a4d14906d1783b565ee27c43d012804cfefaef14a4c6f5114ea683269ff06f,Vehicle (V),Synchronised,Uncategorised,Driver E (UK)
Unsynchronised V and S Dataset/Uncategorised IOVNB (V and S) Dataset/V-Dataset/V-Vta24.csv,V-Vta24.csv,.csv,V-Dataset,131,241654,True,51f89a408dec57e46d4d6ea80454e7974c38cb59d90f2a8a109899e88197ed41,Vehicle (V),Synchronised,Uncategorised,Driver E (UK)
Unsynchronised V and S Dataset/Uncategorised IOVNB (V and S) Dataset/V-Dataset/V-Vta25.csv,V-Vta25.csv,.csv,V-Dataset,131,129385,True,a02be7752e5d606c88dfa5a875f5a02684f06d68fa97f25112ad975aa0621448,Vehicle (V),Synchronised,Uncategorised,Driver E (UK)
Unsynchronised V and S Dataset/Uncategorised IOVNB (V and S) Dataset/V-Dataset/V-Vta26.csv,V-Vta26.csv,.csv,V-Dataset,131,388954,True,f5233605b530d4511c259b149fecf142aff34e80d444567f68a4ad08a986505a,Vehicle (V),Synchronised,Uncategorised,Driver E (UK)
Unsynchronised V and S Dataset/Uncategorised IOVNB (V and S) Dataset/V-Dataset/V-Vta27.csv,V-Vta27.csv,.csv,V-Dataset,131,583915,True,bb8cee07da2802f0b543cd9ffe682262a19e8e0e9d6692b1eb792e03bc512d3b,Vehicle (V),Synchronised,Uncategorised,Driver E (UK)
Unsynchronised V and S Dataset/Uncategorised IOVNB (V and S) Dataset/V-Dataset/V-Vta28.csv,V-Vta28.csv,.csv,V-Dataset,131,859662,True,db64f82bd2badebe3c63394495045aeee9579f1e62fe0532a09c7752c4dba5d9,Vehicle (V),Synchronised,Uncategorised,Driver E (UK)
Unsynchronised V and S Dataset/Uncategorised IOVNB (V and S) Dataset/V-Dataset/V-Vta29.csv,V-Vta29.csv,.csv,V-Dataset,132,4907770,True,e3794b1e4da783ad5ee5eb98eb687b78f1a0ebcec519aa6d68ae029d10d72313,Vehicle (V),Synchronised,Uncategorised,Driver E (UK)
Unsynchronised V and S Dataset/Uncategorised IOVNB (V and S) Dataset/V-Dataset/V-Vta3.csv,V-Vta3.csv,.csv,V-Dataset,131,175163,True,2c6b7e53f2faa0d1c5cbe25d47a3293a878504f12226b0ea77b873807d827172,Vehicle (V),Synchronised,Uncategorised,Driver E (UK)
Unsynchronised V and S Dataset/Uncategorised IOVNB (V and S) Dataset/V-Dataset/V-Vta30.csv,V-Vta30.csv,.csv,V-Dataset,132,3460420,True,15d33059adbdee84391153fe23d43d63c3bf7370e5da8cca66fb9c5d334730c8,Vehicle (V),Synchronised,Uncategorised,Driver E (UK)
Unsynchronised V and S Dataset/Uncategorised IOVNB (V and S) Dataset/V-Dataset/V-Vta4.csv,V-Vta4.csv,.csv,V-Dataset,131,370003,True,f21eda72f506f4c4c0c3cf5828b096edbddc59bf1bbb4da6619f9f060622e754,Vehicle (V),Synchronised,Uncategorised,Driver E (UK)
Unsynchronised V and S Dataset/Uncategorised IOVNB (V and S) Dataset/V-Dataset/V-Vta5.csv,V-Vta5.csv,.csv,V-Dataset,130,73728,True,2c199c21f3a7e70e4265c051307848828120c404ec2ce16d962c53bab423d739,Vehicle (V),Synchronised,Uncategorised,Driver E (UK)
Unsynchronised V and S Dataset/Uncategorised IOVNB (V and S) Dataset/V-Dataset/V-Vta6.csv,V-Vta6.csv,.csv,V-Dataset,131,284633,True,0f372c0946092966eba77bcdaf6bb3ebf6b15c60a6ed2f290e4426f61466135b,Vehicle (V),Synchronised,Uncategorised,Driver E (UK)
Unsynchronised V and S Dataset/Uncategorised IOVNB (V and S) Dataset/V-Dataset/V-Vta7.csv,V-Vta7.csv,.csv,V-Dataset,131,176565,True,b79e883cc8d3b4c6d5fef0954aa707bea947b8d796bd138c7b3eec1f6e6390c2,Vehicle (V),Synchronised,Uncategorised,Driver E (UK)
Unsynchronised V and S Dataset/Uncategorised IOVNB (V and S) Dataset/V-Dataset/V-Vta8.csv,V-Vta8.csv,.csv,V-Dataset,131,732865,True,316f79fa86937f147795c702bea668d605e188c7d6f0f399c445ef12e37f964e,Vehicle (V),Synchronised,Uncategorised,Driver E (UK)
Unsynchronised V and S Dataset/Uncategorised IOVNB (V and S) Dataset/V-Dataset/V-Vta9.csv,V-Vta9.csv,.csv,V-Dataset,130,46738,True,c0f9419e6cb8b5937663af729a2aa007fbb3c8add15074bff78a0b120ecaf8ac,Vehicle (V),Synchronised,Uncategorised,Driver E (UK)
Unsynchronised V and S Dataset/Uncategorised IOVNB (V and S) Dataset/V-Dataset/V-Vtb1.csv,V-Vtb1.csv,.csv,V-Dataset,132,6696680,True,fcb832a379d1827c6863690b7c39805e06f0318aac7ed24c5b515cfe90fdb516,Vehicle (V),Synchronised,Uncategorised,Driver E (UK)
Unsynchronised V and S Dataset/Uncategorised IOVNB (V and S) Dataset/V-Dataset/V-Vtb10.csv,V-Vtb10.csv,.csv,V-Dataset,130,40687,True,b0958971cd26d31ac74cb0f3496e9bfbd1a0cdcec022b2a192e727539bb8d0b1,Vehicle (V),Synchronised,Uncategorised,Driver E (UK)
Unsynchronised V and S Dataset/Uncategorised IOVNB (V and S) Dataset/V-Dataset/V-Vtb11.csv,V-Vtb11.csv,.csv,V-Dataset,130,88068,True,bb66b9394af2f8f9183e5cc986ce94fcd36627455e6e3512206b974082b6ca62,Vehicle (V),Synchronised,Uncategorised,Driver E (UK)
Unsynchronised V and S Dataset/Uncategorised IOVNB (V and S) Dataset/V-Dataset/V-Vtb12.csv,V-Vtb12.csv,.csv,V-Dataset,130,98988,True,f6c0b0e704bb745648fe30f48c2e38c1f0ea0f653b71f51a837e9a21b845ceb8,Vehicle (V),Synchronised,Uncategorised,Driver E (UK)
Unsynchronised V and S Dataset/Uncategorised IOVNB (V and S) Dataset/V-Dataset/V-Vtb13.csv,V-Vtb13.csv,.csv,V-Dataset,131,256729,True,9f390441ed26e49d93ca33acb873026c5e132042f52e2eab57579f8bead333f7,Vehicle (V),Synchronised,Uncategorised,Driver E (UK)
Unsynchronised V and S Dataset/Uncategorised IOVNB (V and S) Dataset/V-Dataset/V-Vtb2.csv,V-Vtb2.csv,.csv,V-Dataset,132,1149458,True,18bd17ba2fc06a70a2fca32d7a913c5543011be583b60e1db8a78a4167f84482,Vehicle (V),Synchronised,Uncategorised,Driver E (UK)
Unsynchronised V and S Dataset/Uncategorised IOVNB (V and S) Dataset/V-Dataset/V-Vtb3.csv,V-Vtb3.csv,.csv,V-Dataset,132,1663807,True,cffedec2b0088ae62d8323417cd25905a94261aa8e58ec81759d81bb72058620,Vehicle (V),Synchronised,Uncategorised,Driver E (UK)
Unsynchronised V and S Dataset/Uncategorised IOVNB (V and S) Dataset/V-Dataset/V-Vtb4.csv,V-Vtb4.csv,.csv,V-Dataset,131,127079,True,f918795f7af8b69e24261fab948424422fab381d0226b605b85be5a4b7cccf4d,Vehicle (V),Synchronised,Uncategorised,Driver E (UK)
Unsynchronised V and S Dataset/Uncategorised IOVNB (V and S) Dataset/V-Dataset/V-Vtb5.csv,V-Vtb5.csv,.csv,V-Dataset,133,13070303,True,9d7f2694d9311d71e9d6258ca29dcbd75ad4e7f8077662619c72a50d33c67892,Vehicle (V),Synchronised,Uncategorised,Driver E (UK)
Unsynchronised V and S Dataset/Uncategorised IOVNB (V and S) Dataset/V-Dataset/V-Vtb6.csv,V-Vtb6.csv,.csv,V-Dataset,131,104997,True,d2d563ba86d9d9ef1a636a3a9ecca4ff4983a15b6214a44db999f64934af8dc7,Vehicle (V),Synchronised,Uncategorised,Driver E (UK)
Unsynchronised V and S Dataset/Uncategorised IOVNB (V and S) Dataset/V-Dataset/V-Vtb7.csv,V-Vtb7.csv,.csv,V-Dataset,130,94550,True,f5830144b2f857d1a0f0e94a1b95ed267065fbac8819a37b079280da56f7cae4,Vehicle (V),Synchronised,Uncategorised,Driver E (UK)
Unsynchronised V and S Dataset/Uncategorised IOVNB (V and S) Dataset/V-Dataset/V-Vtb8.csv,V-Vtb8.csv,.csv,V-Dataset,131,138144,True,31be17ec68f9a1adda4657812effda6203fa058bd043dd76b19639ce98febe6b,Vehicle (V),Synchronised,Uncategorised,Driver E (UK)
Unsynchronised V and S Dataset/Uncategorised IOVNB (V and S) Dataset/V-Dataset/V-Vtb9.csv,V-Vtb9.csv,.csv,V-Dataset,130,92473,True,d50851c0f724a3b839674071240deacdcb3ed1ea2d582691ea459355c32fa45f,Vehicle (V),Synchronised,Uncategorised,Driver E (UK)
Unsynchronised V and S Dataset/Uncategorised IOVNB (V and S) Dataset/V-Dataset/V-Vw1.csv,V-Vw1.csv,.csv,V-Dataset,132,3923291,True,a1769fa8c7cf3ca863e806973e124d867bd6dd1e9c14b3e752ff52031da1d295,Vehicle (V),Synchronised,Uncategorised,Driver E (UK)
Unsynchronised V and S Dataset/Uncategorised IOVNB (V and S) Dataset/V-Dataset/V-Vw10.csv,V-Vw10.csv,.csv,V-Dataset,131,138464,True,8b4da8dba6ac4e043429be4c1ca9b57da87a880ea19b59044413594a43d1a942,Vehicle (V),Synchronised,Uncategorised,Driver E (UK)
Unsynchronised V and S Dataset/Uncategorised IOVNB (V and S) Dataset/V-Dataset/V-Vw11.csv,V-Vw11.csv,.csv,V-Dataset,131,997043,True,fbc4db25436965faef80f6c0d41c55bf1bbcb9e2a7bde120cc38573323221dff,Vehicle (V),Synchronised,Uncategorised,Driver E (UK)
Unsynchronised V and S Dataset/Uncategorised IOVNB (V and S) Dataset/V-Dataset/V-Vw12.csv,V-Vw12.csv,.csv,V-Dataset,131,212441,True,528a947acd6738f3330989e7335ace72f817ac2b6b546938f8fa3d7927cb7210,Vehicle (V),Synchronised,Uncategorised,Driver E (UK)
Unsynchronised V and S Dataset/Uncategorised IOVNB (V and S) Dataset/V-Dataset/V-Vw13.csv,V-Vw13.csv,.csv,V-Dataset,130,58854,True,681a39826d9a127c53c6df4b9c8729f772d283b34229a12a6db335ca3a9a9920,Vehicle (V),Synchronised,Uncategorised,Driver E (UK)
Unsynchronised V and S Dataset/Uncategorised IOVNB (V and S) Dataset/V-Dataset/V-Vw14a.csv,V-Vw14a.csv,.csv,V-Dataset,131,627655,True,be656f544b45a72a38ac5bfc4d24aeaa4ab24a24c8654639829e913491908c78,Vehicle (V),Synchronised,Uncategorised,Driver E (UK)
Unsynchronised V and S Dataset/Uncategorised IOVNB (V and S) Dataset/V-Dataset/V-Vw14b.csv,V-Vw14b.csv,.csv,V-Dataset,132,3987718,True,2e6874fa703cb762c70a792d9490d6454e7050b7f55c89c354ad3deda9137b34,Vehicle (V),Synchronised,Uncategorised,Driver E (UK)
Unsynchronised V and S Dataset/Uncategorised IOVNB (V and S) Dataset/V-Dataset/V-Vw14c.csv,V-Vw14c.csv,.csv,V-Dataset,132,3237111,True,cf68527313ded423bd25dd72f004239f31453b8948365a550c6db3385fdf9b70,Vehicle (V),Synchronised,Uncategorised,Driver E (UK)
Unsynchronised V and S Dataset/Uncategorised IOVNB (V and S) Dataset/V-Dataset/V-Vw15.csv,V-Vw15.csv,.csv,V-Dataset,131,253875,True,f3a2e28fb59fef4a54f34b90bccd00fc94b6930b535992e3578c5a3444f6430c,Vehicle (V),Synchronised,Uncategorised,Driver E (UK)
Unsynchronised V and S Dataset/Uncategorised IOVNB (V and S) Dataset/V-Dataset/V-Vw16a.csv,V-Vw16a.csv,.csv,V-Dataset,132,1209828,True,ab1e8b5802ea478eb6fee564ce4b9cca1363bacaec78a9472ba834a529f3d9a9,Vehicle (V),Synchronised,Uncategorised,Driver E (UK)
Unsynchronised V and S Dataset/Uncategorised IOVNB (V and S) Dataset/V-Dataset/V-Vw16b.csv,V-Vw16b.csv,.csv,V-Dataset,131,236875,True,c267851b7fbd16e978fe898a57440b2ca5c3cf72ae6d165db4cc27bab1f2e581,Vehicle (V),Synchronised,Uncategorised,Driver E (UK)
Unsynchronised V and S Dataset/Uncategorised IOVNB (V and S) Dataset/V-Dataset/V-Vw17.csv,V-Vw17.csv,.csv,V-Dataset,130,68566,True,75149cbe1a9e953612c634d2b51972d905b019ea07955b5b50307469812902d6,Vehicle (V),Synchronised,Uncategorised,Driver E (UK)
Unsynchronised V and S Dataset/Uncategorised IOVNB (V and S) Dataset/V-Dataset/V-Vw2.csv,V-Vw2.csv,.csv,V-Dataset,133,10887065,True,7916a97a4b23780647c96200533f3a1c6866e6e224ac040b603abd14b48b15de,Vehicle (V),Synchronised,Uncategorised,Driver E (UK)
Unsynchronised V and S Dataset/Uncategorised IOVNB (V and S) Dataset/V-Dataset/V-Vw3.csv,V-Vw3.csv,.csv,V-Dataset,131,821795,True,bf061d676cd45ae8fcef4d07714dc9a6a32a148a8b9123fa7a085f44221b017c,Vehicle (V),Synchronised,Uncategorised,Driver E (UK)
Unsynchronised V and S Dataset/Uncategorised IOVNB (V and S) Dataset/V-Dataset/V-Vw4.csv,V-Vw4.csv,.csv,V-Dataset,133,26069987,True,a5d06dc8196ee06f0def86fd0803d1a06e3b8cd545a144baeb32988d4af22130,Vehicle (V),Synchronised,Uncategorised,Driver E (UK)
Unsynchronised V and S Dataset/Uncategorised IOVNB (V and S) Dataset/V-Dataset/V-Vw5.csv,V-Vw5.csv,.csv,V-Dataset,131,215664,True,f6820ac906fb572c385d25e5ab00c5bc3d2cbc82d286c74cd7faf30d711669d7,Vehicle (V),Synchronised,Uncategorised,Driver E (UK)
Unsynchronised V and S Dataset/Uncategorised IOVNB (V and S) Dataset/V-Dataset/V-Vw6.csv,V-Vw6.csv,.csv,V-Dataset,131,269988,True,f453e4ac1bc32ff555b7cffe32583757a04f7ec230b681f14a5f2095b04ceef0,Vehicle (V),Synchronised,Uncategorised,Driver E (UK)
Unsynchronised V and S Dataset/Uncategorised IOVNB (V and S) Dataset/V-Dataset/V-Vw7.csv,V-Vw7.csv,.csv,V-Dataset,131,350184,True,690ccc6eb832fe061ce33465a828966b96edc5e739a431f208616886614da738,Vehicle (V),Synchronised,Uncategorised,Driver E (UK)
Unsynchronised V and S Dataset/Uncategorised IOVNB (V and S) Dataset/V-Dataset/V-Vw8.csv,V-Vw8.csv,.csv,V-Dataset,131,332898,True,aa0e1facaeefa7b45a4288790314e55630dea68e34e62755a87865794f8a266c,Vehicle (V),Synchronised,Uncategorised,Driver E (UK)
Unsynchronised V and S Dataset/Uncategorised IOVNB (V and S) Dataset/V-Dataset/V-Vw9.csv,V-Vw9.csv,.csv,V-Dataset,131,125970,True,29f6fa4f216308cc77018ed542bff4a6c3a44588a6286505277ccbd27636c8af,Vehicle (V),Synchronised,Uncategorised,Driver E (UK)
Unsynchronised V and S Dataset/Uncategorised IOVNB (V and S) Dataset/V-Dataset/V-Y1.csv,V-Y1.csv,.csv,V-Dataset,133,14394860,True,eb685d9619b0c7811d6c7ad5162e6401aee0aeb948cee3c37f3196d5e78ebfc3,Vehicle (V),Synchronised,Uncategorised,Driver D (UK)
Unsynchronised V and S Dataset/Uncategorised IOVNB (V and S) Dataset/V-Dataset/V-Y2.csv,V-Y2.csv,.csv,V-Dataset,133,11546741,True,24e309a5f7d7e5661a661ef92c54b32e478907a08818e898dad0f62e049f1996,Vehicle (V),Synchronised,Uncategorised,Driver D (UK)
